rr,rr_reduced,total_traced,inf_p
1,1,15,5
1,1,16,5
0,0,2,5
8,8,216,5
0,0,14,1
6,0,89,3
0,0,1,1
3,0,11,1
0,0,18,5
0,0,10,5
1,1,26,5
4,0,61,4
0,0,12,5
0,0,4,3
0,0,1,5
0,0,12,5
0,0,0,5
2,2,44,5
2,1,32,3
10,3,145,4
2,0,12,5
2,0,39,1
4,0,32,2
8,0,41,2
1,0,33,1
2,0,16,1
1,0,2,2
3,0,25,2
1,1,9,5
3,0,82,2
4,1,69,4
17,1,166,1
1,0,4,3
0,0,3,4
5,5,67,4
3,1,54,2
0,0,1,1
1,0,7,2
2,0,14,2
1,1,7,5
1,0,10,3
1,1,15,5
4,4,30,5
0,0,1,1
1,1,53,5
1,0,6,3
0,0,14,3
6,1,34,4
0,0,2,5
1,1,2,5
1,0,15,1
0,0,8,5
0,0,2,4
1,0,7,1
0,0,8,5
1,0,84,3
0,0,8,5
5,0,20,2
5,1,13,3
1,0,15,2
2,2,29,5
1,1,23,5
0,0,0,5
0,0,11,2
0,0,6,5
1,0,9,3
1,1,15,5
0,0,4,3
1,1,11,5
4,1,27,1
0,0,29,2
3,3,68,5
0,0,7,1
5,0,18,1
0,0,2,1
3,3,68,5
0,0,5,5
1,1,52,5
0,0,2,5
0,0,3,5
2,2,16,5
1,0,9,1
3,3,9,5
2,2,22,5
1,1,22,5
3,0,28,2
2,0,8,1
1,0,38,4
1,1,25,5
0,0,5,5
0,0,47,5
1,0,1,2
0,0,8,2
1,1,13,5
4,0,52,4
3,0,49,3
1,0,8,4
4,1,70,2
1,0,16,4
0,0,0,5
1,1,25,5
4,4,136,5
4,4,55,5
1,1,6,2
0,0,0,5
1,1,14,5
3,3,48,5
2,2,45,5
1,1,17,5
2,2,117,5
9,2,28,4
0,0,7,5
9,0,48,2
1,0,46,3
10,0,125,1
4,0,9,3
3,1,30,4
2,0,17,1
0,0,30,4
1,1,7,5
32,2,21,5
0,0,0,5
3,1,26,3
0,0,14,5
0,0,0,1
1,0,6,3
3,0,25,2
4,0,38,4
4,0,15,4
1,0,28,3
6,2,53,4
2,2,12,5
3,3,21,4
7,1,42,4
1,0,3,4
0,0,7,4
2,0,10,3
1,1,3,5
4,4,61,5
5,5,27,5
0,0,27,5
3,3,63,5
2,2,23,5
2,1,34,5
1,1,30,4
5,0,28,2
9,1,75,1
2,2,70,5
2,0,19,1
1,1,16,5
0,0,2,5
0,0,3,5
0,0,14,3
2,0,26,2
2,2,43,5
0,0,3,3
8,7,148,5
1,1,7,5
4,0,18,1
0,0,3,5
11,0,37,2
4,4,27,5
0,0,9,5
3,1,15,5
0,0,4,4
5,3,17,5
0,0,0,1
0,0,10,4
4,0,55,2
3,3,23,5
0,0,10,5
0,0,4,5
2,0,8,1
1,1,18,5
5,1,59,4
1,1,21,5
1,1,9,5
0,0,11,5
0,0,4,4
1,0,18,5
2,2,12,5
2,0,6,3
6,6,196,5
1,0,34,3
7,7,80,5
1,0,7,3
1,1,34,4
1,0,3,1
3,0,55,1
5,4,29,5
4,1,68,4
0,0,2,5
4,1,22,5
4,0,30,2
4,0,39,4
1,1,16,2
1,0,9,1
0,0,28,5
4,1,73,2
1,1,3,5
0,0,0,5
0,0,0,2
0,0,1,4
0,0,0,1
2,1,43,3
0,0,17,5
2,1,13,4
2,2,91,5
2,2,70,5
6,1,48,1
2,0,16,5
2,0,11,2
1,0,9,3
1,1,12,5
1,0,17,1
0,0,2,5
2,2,12,5
0,0,4,2
2,1,20,5
21,0,20,1
1,0,55,2
1,0,21,5
2,2,16,5
3,0,86,2
0,0,12,5
1,1,2,5
2,0,41,4
0,0,3,3
3,1,13,5
2,2,32,5
3,3,82,5
3,3,37,5
9,9,204,5
1,1,49,5
0,0,2,4
1,0,4,2
5,1,53,4
5,5,21,5
9,0,10,4
4,0,47,5
0,0,1,4
37,1,92,2
10,1,62,4
1,0,11,4
1,1,45,5
1,0,76,5
5,0,42,1
0,0,5,1
0,0,0,2
1,0,8,3
0,0,18,5
5,0,47,1
0,0,0,5
1,1,3,5
0,0,7,4
1,0,24,5
0,0,1,1
12,3,174,3
9,0,17,2
4,4,41,5
4,4,14,5
1,0,8,3
2,2,80,5
4,2,93,4
0,0,2,5
1,0,10,3
0,0,13,5
0,0,3,5
2,0,46,4
5,1,29,3
1,1,19,5
4,4,69,5
2,0,23,2
5,4,16,5
0,0,5,5
0,0,13,4
0,0,31,5
0,0,3,2
12,1,128,2
0,0,35,1
1,1,31,5
0,0,11,5
13,3,199,1
2,2,23,5
6,2,43,3
1,1,16,5
0,0,11,5
0,0,22,5
1,0,13,5
1,1,15,5
5,3,46,3
1,0,4,4
0,0,2,2
0,0,9,5
1,0,3,3
3,0,44,4
1,0,11,2
14,14,123,5
0,0,0,5
6,0,112,2
0,0,18,5
3,3,63,5
4,4,39,5
2,0,12,1
2,0,42,3
0,0,1,4
2,2,90,5
0,0,1,5
2,0,13,1
2,0,3,3
4,4,34,5
1,0,10,1
4,4,38,5
0,0,0,1
6,6,93,5
1,0,11,5
0,0,2,5
8,8,171,5
0,0,11,2
2,1,24,5
0,0,12,4
1,0,7,3
3,3,24,5
6,0,65,3
11,10,177,5
1,0,1,1
6,0,25,4
1,1,19,5
2,0,5,1
4,4,67,5
2,0,10,1
1,0,27,4
6,6,83,5
2,2,59,5
0,0,9,5
1,1,7,5
3,1,12,2
1,0,17,2
0,0,0,1
5,3,26,3
2,0,50,2
1,0,5,3
4,4,34,5
0,0,5,4
1,1,73,5
10,0,56,2
0,0,4,5
2,0,48,2
4,0,64,1
0,0,0,2
2,2,6,5
2,0,10,5
1,1,41,5
1,1,9,5
3,0,11,4
0,0,21,5
0,0,3,5
0,0,10,2
3,0,22,2
0,0,15,3
6,2,42,2
3,3,26,5
7,2,48,4
1,0,38,3
9,6,90,5
6,6,40,5
2,2,26,5
2,2,29,5
2,2,6,5
3,3,31,5
4,0,32,2
2,0,7,2
11,2,62,3
1,0,3,4
2,0,6,4
3,3,24,5
2,0,32,1
1,0,27,2
2,2,39,5
7,0,12,2
4,1,24,4
5,0,61,2
0,0,14,5
6,0,107,4
0,0,2,5
0,0,1,2
0,0,23,5
1,1,3,5
1,0,1,3
0,0,11,4
0,0,37,5
7,1,59,2
4,0,19,2
3,3,26,5
2,2,54,5
1,1,20,5
1,0,9,5
1,0,2,3
1,0,7,4
17,0,40,4
0,0,13,5
0,0,0,1
0,0,22,5
2,2,50,5
0,0,0,5
0,0,2,1
1,1,4,5
2,2,10,5
0,0,0,2
1,1,18,3
3,1,80,3
5,0,23,3
11,0,15,4
0,0,33,5
0,0,4,5
7,7,209,5
0,0,2,1
6,0,67,1
3,0,37,1
0,0,2,5
1,0,13,2
3,3,35,5
2,0,31,4
4,2,9,4
20,1,253,4
3,3,67,5
3,0,13,2
3,3,91,5
2,1,15,4
0,0,6,1
1,0,1,2
0,0,5,1
6,6,30,5
0,0,0,5
1,1,12,5
0,0,24,5
0,0,2,5
1,0,9,2
0,0,1,5
5,5,131,5
2,0,16,3
3,1,31,2
1,1,2,5
4,1,26,1
0,0,36,5
2,2,42,5
6,6,63,5
0,0,12,5
3,1,53,3
0,0,1,5
5,1,27,2
0,0,4,4
0,0,5,5
0,0,2,1
2,0,45,2
1,0,4,2
2,0,11,3
1,1,8,5
1,1,2,5
0,0,8,4
0,0,0,3
0,0,2,5
2,0,11,1
1,0,12,3
0,0,14,5
0,0,5,2
4,0,61,2
5,0,39,1
0,0,9,4
2,2,17,5
14,3,162,4
1,1,27,5
1,0,13,1
0,0,23,5
3,3,33,5
6,6,218,5
2,2,64,5
2,0,32,5
4,4,47,5
5,2,68,5
0,0,4,5
1,1,58,5
4,3,109,5
2,0,30,1
9,3,20,4
12,2,61,4
4,0,21,5
3,1,14,2
6,0,91,1
5,1,45,3
1,1,22,5
10,1,42,3
0,0,1,5
0,0,7,3
2,0,46,4
5,0,22,4
6,0,15,3
0,0,2,2
1,0,6,5
5,1,39,4
1,1,20,4
2,0,8,1
2,0,25,1
2,2,20,5
5,5,73,5
4,1,37,2
0,0,35,5
4,0,38,2
3,0,48,3
0,0,2,1
6,0,21,3
0,0,11,5
6,0,101,1
0,0,2,1
1,1,5,5
0,0,10,5
1,0,10,1
4,4,61,5
4,4,123,5
8,0,103,1
0,0,28,5
3,0,22,2
1,0,10,1
1,1,21,5
0,0,9,3
0,0,6,3
5,4,45,5
4,4,50,5
5,0,67,4
1,1,3,5
1,1,26,5
5,2,71,4
6,0,21,2
6,3,32,5
1,0,9,5
7,1,96,3
1,0,7,4
0,0,11,5
8,3,75,4
9,1,44,3
0,0,1,1
4,1,35,2
3,3,39,5
1,0,22,4
0,0,1,2
0,0,1,2
4,2,126,4
0,0,25,5
0,0,24,2
1,0,13,1
1,1,6,5
0,0,10,5
1,0,14,1
0,0,1,1
0,0,0,5
0,0,5,1
3,3,44,5
2,1,47,4
14,14,181,5
0,0,0,1
0,0,12,5
2,1,53,3
0,0,4,5
7,7,47,5
2,0,6,4
3,0,14,1
7,0,19,1
0,0,7,5
0,0,0,1
0,0,2,5
4,2,40,4
1,1,9,5
0,0,4,4
2,0,34,2
1,1,11,5
0,0,21,5
0,0,0,5
14,0,216,1
0,0,10,3
0,0,7,5
0,0,2,5
0,0,12,5
5,0,48,3
4,0,31,2
1,1,14,5
2,1,5,2
3,0,26,4
10,10,311,5
1,0,15,4
6,6,107,5
1,1,50,5
3,3,73,5
2,0,11,2
0,0,7,5
3,0,7,1
11,0,114,1
1,1,43,5
0,0,6,4
2,2,45,5
0,0,13,4
0,0,3,3
1,1,15,4
1,0,2,4
1,0,10,1
2,2,12,5
0,0,2,5
4,1,52,4
5,0,18,1
1,1,5,5
3,1,29,4
1,0,8,1
0,0,3,5
0,0,13,5
4,1,6,5
3,3,15,5
1,0,8,3
0,0,2,1
1,1,33,5
1,0,18,1
4,4,20,5
6,0,91,3
0,0,4,5
2,1,24,2
4,3,12,5
6,1,108,3
4,4,58,5
3,3,34,5
1,1,1,5
5,4,95,5
3,0,41,1
1,1,11,5
8,8,158,5
2,0,32,1
0,0,1,2
1,0,24,5
0,0,14,1
2,0,36,1
2,0,19,1
2,0,9,2
1,1,9,5
5,0,41,4
6,1,15,2
8,3,28,4
3,2,45,5
4,4,26,5
0,0,1,4
1,1,7,5
1,1,7,5
0,0,1,3
2,0,42,1
3,0,30,1
4,0,28,2
1,1,3,5
1,1,12,5
2,0,12,2
0,0,33,5
3,0,35,1
2,0,43,4
2,2,14,5
1,1,37,5
2,0,49,1
0,0,0,4
0,0,13,4
0,0,2,3
5,0,66,1
1,1,18,5
0,0,25,4
0,0,1,5
1,0,33,4
2,0,52,2
4,0,36,3
0,0,19,5
4,1,26,3
1,1,73,5
0,0,2,1
1,0,12,2
2,1,9,4
4,2,50,3
0,0,4,5
1,0,27,4
3,2,57,5
0,0,1,1
0,0,9,4
6,1,74,2
3,3,46,5
0,0,1,4
3,0,11,1
2,2,10,5
9,0,45,1
2,0,38,2
4,4,77,5
6,2,41,5
0,0,0,5
13,1,146,3
9,0,120,2
0,0,2,4
2,2,48,5
2,0,25,1
6,5,51,5
4,2,45,5
1,1,155,5
0,0,1,5
0,0,23,5
3,3,48,5
1,0,23,1
1,1,10,5
2,0,30,2
8,1,101,4
10,2,112,3
0,0,22,5
0,0,2,4
1,0,4,1
0,0,1,5
3,0,34,3
2,1,10,2
2,2,34,5
3,1,45,2
1,0,8,4
4,1,39,3
1,1,10,5
4,1,58,3
0,0,1,5
2,2,4,5
1,1,9,3
4,4,30,5
2,2,9,5
0,0,0,5
0,0,5,1
2,1,29,5
2,2,11,5
0,0,0,4
3,0,20,1
1,1,16,5
10,0,22,4
1,0,11,2
3,1,9,3
4,0,50,2
0,0,31,5
4,4,105,5
0,0,1,5
0,0,15,4
1,0,64,3
0,0,22,5
1,0,6,2
1,1,11,5
10,0,151,1
0,0,0,3
2,1,15,4
4,2,53,4
4,1,39,3
7,1,96,1
1,1,29,5
6,2,17,4
1,1,7,1
1,1,9,5
1,1,22,5
3,0,41,3
3,1,80,4
1,1,3,5
0,0,11,5
2,2,40,5
0,0,11,2
0,0,1,2
4,0,28,2
0,0,2,5
3,1,44,3
5,0,17,2
3,3,46,5
16,0,149,4
2,1,56,2
2,2,13,5
3,0,9,1
0,0,0,5
4,3,46,5
3,3,43,5
5,1,10,1
0,0,0,4
2,2,10,5
0,0,1,5
1,0,1,1
3,0,19,2
7,2,142,3
8,0,44,3
2,0,6,4
0,0,0,5
1,0,8,3
0,0,1,5
2,0,12,3
5,2,53,2
6,2,56,4
0,0,10,5
0,0,8,5
3,0,9,5
20,3,185,1
2,2,107,5
3,2,23,5
2,0,13,1
0,0,51,5
0,0,18,1
5,1,8,5
1,1,9,5
4,4,35,5
1,0,20,1
0,0,40,5
0,0,26,5
4,0,18,1
5,5,115,5
0,0,3,1
0,0,2,5
5,1,54,3
1,0,28,4
0,0,10,5
7,0,80,1
0,0,3,4
2,0,48,3
1,0,14,3
4,4,74,5
3,0,22,3
0,0,13,5
0,0,1,5
0,0,10,1
0,0,2,5
1,1,19,5
0,0,16,1
0,0,1,2
0,0,11,5
0,0,11,5
1,0,30,2
1,1,12,5
0,0,18,5
2,2,15,5
2,1,9,5
1,1,22,5
1,1,87,5
6,1,54,2
2,2,22,5
4,4,82,5
5,5,69,5
5,0,39,3
3,3,69,5
0,0,0,5
0,0,17,5
0,0,10,2
0,0,20,5
1,1,24,5
1,0,8,1
4,1,59,2
14,14,278,5
0,0,6,5
0,0,4,5
1,0,9,2
1,1,28,5
3,1,48,3
0,0,9,4
0,0,0,2
0,0,9,4
8,1,41,2
7,7,188,5
1,1,10,5
6,1,52,2
1,1,11,5
5,5,29,5
1,1,8,5
0,0,1,1
0,0,5,5
2,0,15,5
0,0,13,4
3,3,46,5
1,1,35,5
3,3,13,5
0,0,28,2
4,4,41,5
2,1,49,2
2,2,22,5
2,0,6,2
0,0,15,5
1,0,27,1
2,0,20,1
13,1,94,2
3,1,14,3
3,0,32,2
3,0,27,2
0,0,2,5
1,1,24,5
0,0,10,5
2,0,23,1
1,1,33,5
4,3,22,5
0,0,6,5
0,0,18,5
0,0,6,5
1,1,6,5
1,1,3,5
3,1,20,5
2,0,10,3
1,1,18,4
0,0,11,3
0,0,22,5
1,0,8,1
6,2,9,3
0,0,16,5
1,0,23,4
5,1,44,2
0,0,8,5
1,0,9,2
0,0,3,5
8,1,43,2
2,1,38,5
4,4,64,5
4,0,33,2
1,0,35,2
1,1,25,5
0,0,13,5
3,3,61,5
1,0,15,2
0,0,9,5
3,0,8,1
0,0,5,2
1,1,12,5
2,1,19,4
0,0,2,2
0,0,9,5
1,1,10,5
1,1,8,4
2,2,69,5
1,1,5,5
0,0,25,3
7,7,102,5
2,1,5,5
1,1,6,4
1,0,8,1
1,1,66,5
0,0,11,3
0,0,8,5
1,0,24,1
1,0,71,1
1,1,26,5
1,1,2,2
2,1,15,3
4,1,37,1
10,0,50,1
0,0,8,1
6,0,73,3
1,1,6,5
1,0,3,4
3,1,18,5
1,0,2,1
6,0,147,4
1,0,64,5
0,0,0,5
0,0,2,5
0,0,0,1
0,0,23,5
7,5,36,5
0,0,13,2
5,0,44,4
2,2,6,5
1,1,11,5
0,0,8,5
4,1,13,1
3,2,17,5
1,0,3,4
7,1,21,4
2,2,11,5
2,2,14,5
14,13,157,5
0,0,3,1
0,0,1,4
0,0,6,5
0,0,1,5
1,1,18,5
4,4,47,5
6,1,46,3
7,7,100,5
2,2,31,5
1,1,20,5
1,1,22,2
0,0,10,3
1,0,23,2
2,0,49,2
0,0,2,1
2,1,12,4
1,0,38,4
2,2,20,5
1,1,14,5
4,0,19,4
0,0,12,5
2,1,9,3
3,3,80,5
0,0,2,1
2,2,20,5
2,0,15,1
0,0,2,5
2,1,19,4
2,2,32,5
9,1,104,4
16,1,63,2
3,0,27,2
1,1,34,5
2,2,39,5
2,0,34,4
1,0,37,2
18,0,154,1
2,1,41,5
3,3,26,5
0,0,6,4
0,0,32,5
0,0,23,5
0,0,11,2
2,0,11,1
3,1,56,4
1,0,2,3
1,0,9,1
2,2,24,5
1,1,2,5
0,0,8,3
2,2,33,5
1,1,25,5
3,1,18,3
0,0,5,4
4,0,20,5
1,1,31,5
10,7,155,5
3,0,67,3
1,0,7,2
2,0,17,2
0,0,3,4
1,1,20,5
0,0,0,2
0,0,5,1
3,1,24,5
9,2,66,4
0,0,3,1
4,4,96,5
1,0,9,3
5,1,60,2
4,3,54,5
3,2,46,5
1,0,29,5
4,0,26,2
0,0,12,4
1,0,12,2
1,0,2,3
5,0,48,1
1,0,29,4
13,1,139,2
11,1,90,2
0,0,15,5
0,0,28,5
0,0,12,5
1,1,6,4
0,0,9,5
9,3,80,3
2,2,24,5
0,0,11,5
1,0,8,4
0,0,1,2
0,0,21,5
3,3,49,5
4,0,81,1
7,5,61,5
1,0,5,4
1,1,41,5
0,0,2,5
4,1,31,5
2,0,13,1
0,0,1,5
0,0,1,1
10,1,119,1
2,0,28,1
0,0,30,5
0,0,5,5
2,0,21,2
1,0,66,2
0,0,0,2
10,2,37,3
6,0,57,1
0,0,2,2
1,0,12,3
2,2,27,5
6,0,48,1
0,0,11,5
0,0,6,5
1,0,11,4
1,1,24,5
3,0,11,3
1,1,20,5
0,0,25,5
2,2,48,5
0,0,1,4
2,0,31,1
1,1,19,1
2,1,9,2
0,0,7,5
0,0,0,3
1,0,2,1
7,0,35,3
0,0,10,5
0,0,27,5
1,1,34,5
1,1,54,5
1,1,33,3
2,2,29,5
0,0,28,5
5,0,28,4
2,2,203,5
0,0,1,5
0,0,3,5
1,1,4,5
1,0,7,1
4,0,11,1
7,0,61,2
0,0,27,5
4,4,121,5
0,0,7,4
1,0,2,2
1,0,3,1
0,0,7,5
17,3,91,3
2,1,5,4
1,0,8,2
0,0,1,2
4,1,12,3
5,1,13,3
2,0,20,4
2,0,32,4
1,1,5,5
10,2,90,4
4,1,13,4
11,0,92,1
3,3,44,5
1,1,13,5
0,0,43,1
2,0,9,2
0,0,13,3
3,2,33,5
0,0,6,5
1,1,13,5
3,3,72,5
1,1,5,5
4,1,15,5
4,1,28,3
2,0,15,1
1,1,4,2
1,1,83,5
1,1,14,5
12,1,109,1
0,0,9,5
2,2,63,5
0,0,3,1
1,1,18,5
5,0,31,1
8,8,76,5
0,0,2,5
1,0,2,4
1,1,50,5
0,0,0,5
2,2,32,5
7,1,35,2
2,0,12,1
2,1,28,2
3,3,46,5
2,0,17,2
0,0,4,5
11,0,84,1
0,0,8,5
0,0,3,5
8,8,79,5
0,0,11,5
1,0,3,1
4,4,83,5
3,2,26,4
2,0,8,1
1,0,17,2
0,0,0,5
2,2,10,5
2,2,14,5
6,0,42,1
3,0,26,1
1,0,8,1
7,1,68,2
6,6,73,5
0,0,11,1
2,2,16,5
4,0,18,1
2,2,20,5
3,2,55,5
4,2,114,4
1,0,19,3
7,0,113,1
1,1,3,3
0,0,1,5
4,1,28,1
3,0,8,1
14,0,40,1
0,0,23,3
2,0,8,1
0,0,34,2
6,1,48,3
0,0,7,5
2,0,13,3
3,0,36,1
1,1,37,5
12,4,22,5
3,2,52,5
3,0,36,3
7,0,45,3
0,0,0,4
2,2,34,5
2,2,7,5
2,0,34,3
1,1,61,5
1,1,13,5
12,1,222,3
0,0,47,5
5,2,24,5
3,3,36,5
5,1,61,3
5,1,25,3
4,0,12,1
2,2,19,5
3,3,119,5
0,0,11,1
4,4,51,5
4,0,37,2
2,2,30,5
1,0,24,3
3,0,45,4
4,3,29,5
1,0,37,1
3,3,70,5
0,0,28,5
1,0,29,4
1,1,40,5
7,2,8,5
0,0,6,5
1,0,3,1
1,1,49,5
2,0,10,2
10,1,112,2
4,3,27,5
3,0,38,2
2,2,56,5
1,0,3,2
5,5,109,5
1,1,22,5
5,1,15,2
0,0,1,1
2,0,13,2
10,2,124,3
0,0,11,5
0,0,17,5
1,0,21,3
0,0,5,5
0,0,6,5
2,0,33,4
2,2,25,5
3,3,70,5
4,0,16,1
2,0,70,3
1,0,5,5
0,0,19,5
5,0,63,1
3,0,26,2
6,0,35,2
1,1,51,5
3,3,25,5
0,0,1,5
4,2,43,2
1,0,61,2
7,1,46,4
5,0,45,4
9,0,124,2
6,5,118,5
0,0,2,2
1,1,22,5
7,1,48,3
0,0,22,5
1,1,6,5
10,2,58,3
1,1,60,5
41,1,558,1
8,1,47,2
16,4,44,5
0,0,5,5
0,0,26,5
0,0,18,1
2,0,23,1
0,0,31,5
0,0,3,5
3,3,34,5
8,2,85,4
10,10,83,5
3,1,64,3
2,2,18,5
5,0,56,4
15,2,84,1
6,3,44,4
12,1,116,2
2,0,34,4
1,1,78,5
2,2,31,5
1,0,16,4
3,0,16,4
3,1,37,3
0,0,8,2
1,0,7,4
2,2,43,5
1,1,28,5
1,0,11,2
8,0,30,1
1,1,38,5
2,2,12,5
1,0,2,1
1,0,6,3
2,2,85,5
8,0,127,3
0,0,12,5
2,2,19,5
3,2,9,4
1,1,33,5
1,0,64,3
5,5,76,5
4,0,8,1
0,0,0,2
1,0,21,2
3,0,34,4
0,0,0,2
5,1,42,4
3,0,54,4
2,1,25,5
5,0,32,3
2,1,32,5
1,1,18,5
4,3,95,5
3,0,48,1
2,0,8,3
0,0,2,4
3,0,27,4
0,0,8,2
3,0,29,1
4,4,30,5
5,5,30,5
0,0,8,2
3,3,43,5
0,0,12,5
3,1,25,5
0,0,4,5
0,0,12,4
0,0,12,4
4,4,50,5
3,0,4,1
4,3,27,5
0,0,1,5
4,2,9,5
0,0,1,4
4,4,66,5
1,0,26,4
3,3,78,5
4,4,20,5
7,0,84,2
0,0,15,4
3,0,16,2
0,0,1,3
2,0,16,5
3,3,9,5
1,0,12,1
21,1,195,2
4,0,30,1
1,1,20,5
1,1,9,4
0,0,11,5
2,0,17,1
3,1,31,4
9,1,112,4
1,1,3,5
0,0,1,5
0,0,4,2
3,3,42,5
38,1,416,1
6,0,9,5
1,1,7,5
0,0,3,4
2,0,21,4
10,1,186,1
0,0,22,5
6,0,51,1
1,1,17,5
0,0,14,5
5,0,11,1
15,1,113,3
2,2,11,5
2,0,9,1
2,2,39,5
5,5,45,5
3,3,81,5
1,1,6,5
4,1,7,4
1,0,5,4
0,0,30,5
0,0,5,5
9,0,12,3
0,0,1,1
1,0,12,3
8,1,40,2
1,1,10,5
1,0,18,1
6,0,32,4
2,0,11,1
3,3,79,5
4,4,36,5
2,0,11,4
8,2,57,2
4,1,16,1
6,2,52,4
5,5,151,5
5,0,21,1
2,1,37,5
7,0,132,1
0,0,6,5
4,0,55,3
2,2,52,5
1,1,12,5
2,0,15,4
2,1,40,5
4,0,34,1
0,0,1,1
0,0,35,1
1,1,14,3
5,0,36,2
0,0,11,5
0,0,0,5
0,0,10,5
0,0,19,4
2,0,26,1
0,0,2,5
1,1,2,5
1,1,37,5
3,3,87,5
1,1,24,5
2,2,55,5
0,0,8,5
0,0,3,5
2,2,30,5
0,0,14,3
2,2,51,5
0,0,1,5
1,1,11,5
0,0,12,5
2,2,118,5
2,0,33,1
0,0,1,3
1,1,22,2
12,0,164,1
2,0,21,3
4,0,61,3
1,1,16,5
1,1,57,5
0,0,0,4
9,3,86,4
0,0,7,2
1,1,9,5
0,0,18,5
2,1,25,5
1,0,35,4
1,0,24,3
0,0,8,3
0,0,0,5
1,0,20,1
0,0,14,5
0,0,11,4
2,1,9,4
3,1,54,4
3,2,13,3
1,1,14,5
5,4,12,5
1,1,31,5
3,1,53,2
0,0,15,1
0,0,8,2
8,0,14,2
9,0,16,4
4,4,65,5
4,3,76,5
4,3,29,5
0,0,3,4
1,0,10,3
5,4,28,5
0,0,15,2
0,0,3,4
1,0,9,5
6,0,34,2
3,3,113,5
2,2,50,5
2,1,7,3
2,0,30,1
0,0,12,5
2,2,75,5
2,2,19,5
2,1,37,2
1,0,28,1
5,0,68,3
5,1,28,4
1,1,4,5
1,0,1,2
0,0,7,5
10,0,30,3
2,2,23,2
2,2,40,5
1,1,14,5
0,0,17,5
5,2,22,5
3,2,45,5
4,4,92,5
2,2,38,5
0,0,3,3
0,0,11,5
0,0,1,4
1,0,8,4
2,0,11,1
3,3,55,5
0,0,36,5
2,0,9,1
0,0,0,2
0,0,1,4
11,1,56,1
1,0,24,4
1,0,24,3
0,0,1,2
11,2,89,3
0,0,17,5
2,0,10,2
3,2,34,3
1,0,4,2
2,0,14,2
0,0,4,5
1,1,5,5
1,0,5,1
3,0,38,2
0,0,19,5
7,0,76,3
1,0,13,4
1,0,23,3
0,0,2,1
2,0,32,2
2,2,34,5
1,0,32,1
3,3,18,5
0,0,15,5
1,0,3,1
0,0,4,1
1,1,6,5
1,0,15,3
0,0,9,5
0,0,10,4
0,0,7,5
6,6,128,5
0,0,23,4
0,0,2,4
0,0,11,1
3,1,35,1
2,0,14,1
1,1,42,5
2,2,38,5
1,0,1,1
9,9,172,5
0,0,11,3
1,0,14,2
2,0,14,5
4,3,139,5
0,0,2,1
1,0,2,3
2,1,36,2
2,2,30,5
6,0,25,4
1,0,34,2
0,0,7,2
0,0,12,2
1,1,25,5
2,0,21,1
0,0,11,4
3,0,21,1
2,0,13,5
2,0,31,4
1,0,13,2
7,6,127,5
4,0,57,2
1,1,3,5
4,0,34,1
0,0,14,1
1,0,19,2
3,2,9,5
1,0,11,2
6,5,71,5
4,0,40,1
2,1,22,2
0,0,3,1
1,1,76,5
0,0,30,5
3,0,23,4
4,4,152,5
0,0,0,5
5,1,29,4
1,1,12,3
2,2,29,5
0,0,3,1
0,0,1,1
0,0,1,1
1,0,2,3
2,0,7,2
1,1,16,5
9,0,44,2
1,1,8,2
1,0,8,4
13,2,92,4
4,0,37,1
0,0,29,5
2,0,13,4
0,0,6,5
3,3,33,5
2,0,17,1
1,0,5,2
1,1,67,5
1,1,4,5
5,1,57,4
2,1,26,1
9,0,26,1
0,0,2,5
3,0,35,4
0,0,0,2
6,6,87,5
3,0,17,1
2,1,13,2
3,1,12,1
3,0,21,1
10,0,106,3
4,4,99,5
4,1,8,5
1,0,8,5
0,0,4,5
0,0,9,4
4,0,10,1
4,0,32,2
1,1,74,5
7,0,26,4
2,0,19,3
1,1,23,2
4,0,46,2
2,1,14,2
0,0,2,2
0,0,10,5
0,0,3,5
0,0,23,1
0,0,11,5
8,7,338,5
21,21,185,5
5,0,91,2
0,0,24,5
5,1,40,4
1,0,2,3
3,3,40,5
1,1,23,5
1,0,10,5
8,0,46,1
0,0,2,5
0,0,6,5
0,0,7,5
2,2,45,5
0,0,4,5
2,2,41,5
0,0,12,5
2,0,53,3
1,0,30,5
1,1,15,5
0,0,1,4
2,1,12,5
3,3,25,5
5,1,62,1
0,0,3,5
0,0,1,5
0,0,20,5
2,0,7,1
2,0,20,2
1,1,26,5
0,0,7,4
0,0,10,2
4,1,27,3
4,3,52,5
2,0,21,1
16,15,323,5
3,0,20,2
2,1,9,4
0,0,5,5
3,0,48,1
3,1,5,2
1,1,81,5
0,0,5,4
2,0,24,2
0,0,0,3
0,0,0,2
2,0,11,3
3,1,17,4
29,6,320,3
5,5,24,5
0,0,3,2
0,0,0,3
2,2,53,5
5,0,17,4
11,9,58,5
1,0,37,1
1,1,12,5
4,0,60,3
21,5,374,4
0,0,10,5
2,2,22,5
1,0,19,2
3,1,88,2
1,1,49,5
2,0,11,2
4,0,52,4
4,0,40,3
2,1,5,3
6,0,34,3
1,0,13,1
4,4,110,5
8,0,78,4
0,0,3,4
0,0,20,1
1,0,29,1
1,1,9,5
2,0,10,3
7,1,30,4
6,0,40,2
0,0,8,5
0,0,22,5
3,3,35,5
0,0,1,1
0,0,0,1
4,0,33,4
1,1,16,5
0,0,3,1
7,1,113,2
3,0,50,2
3,0,46,1
1,0,15,2
0,0,9,1
0,0,0,5
1,0,1,1
7,1,41,2
1,0,2,2
0,0,16,5
1,1,30,5
7,7,193,5
4,4,46,5
9,9,208,5
4,0,18,3
1,1,35,5
2,2,18,5
0,0,18,5
2,0,4,3
0,0,2,5
0,0,0,3
0,0,2,4
2,0,11,5
3,3,23,5
3,1,12,2
2,2,41,5
6,1,86,2
1,0,9,4
6,6,81,5
1,1,17,5
6,0,5,3
1,0,1,4
3,0,10,1
1,1,18,5
2,0,22,4
4,0,12,2
1,1,26,5
0,0,5,5
6,0,58,1
3,3,77,5
8,8,113,5
0,0,2,5
4,0,62,2
5,1,34,3
2,2,6,5
3,0,40,1
0,0,1,1
1,1,24,5
1,0,6,1
1,1,4,5
1,0,13,1
2,0,29,4
0,0,13,5
2,2,10,5
1,1,16,5
1,1,18,5
2,1,11,5
0,0,0,3
1,0,13,1
3,3,27,5
6,1,82,1
1,0,13,1
2,2,10,5
3,0,69,4
12,1,84,2
1,0,12,5
3,1,20,2
0,0,3,4
1,0,15,5
14,0,138,1
0,0,0,5
1,0,12,4
0,0,3,5
0,0,0,5
0,0,5,5
0,0,24,5
1,0,4,3
5,5,68,5
1,1,10,4
0,0,0,1
0,0,2,5
5,1,24,2
1,0,3,4
7,7,224,5
5,1,21,1
6,4,141,5
2,0,27,1
5,0,12,2
3,3,35,5
0,0,12,5
0,0,3,5
13,3,207,4
5,0,51,1
1,1,18,5
1,1,9,5
3,3,22,5
3,2,41,5
0,0,16,5
1,1,8,4
1,0,57,3
0,0,3,5
1,0,37,4
5,0,13,1
4,0,33,2
1,1,31,5
0,0,7,1
2,2,81,5
0,0,22,5
2,0,24,2
12,2,57,2
2,2,49,5
0,0,21,5
6,2,60,4
1,1,40,5
0,0,11,4
0,0,9,4
1,1,41,5
0,0,6,1
3,1,10,2
1,0,18,1
2,0,16,1
3,3,16,5
0,0,3,5
10,10,241,5
0,0,0,5
0,0,2,3
2,0,18,1
6,0,36,1
0,0,15,5
1,1,23,5
3,3,16,5
0,0,3,2
4,1,9,3
1,1,6,5
0,0,8,4
1,0,27,2
2,2,53,5
0,0,5,5
0,0,13,5
0,0,9,1
0,0,0,5
5,5,69,5
13,3,183,2
1,1,10,5
1,0,1,1
1,1,19,5
3,2,12,3
5,0,18,1
1,0,25,4
2,0,57,2
0,0,5,5
1,1,90,5
2,2,58,5
3,1,66,1
4,0,19,1
0,0,45,5
1,0,24,3
0,0,12,5
0,0,1,5
1,1,13,5
1,1,10,4
5,5,83,5
1,1,9,5
4,1,69,1
0,0,6,5
0,0,1,3
0,0,3,5
10,2,96,3
2,0,19,2
2,0,39,3
0,0,11,5
0,0,3,1
6,0,77,4
9,2,155,4
0,0,0,3
1,0,7,4
2,0,13,4
4,4,92,5
1,0,32,1
1,1,13,5
8,1,65,1
0,0,10,5
3,0,12,5
2,2,28,5
0,0,5,5
6,2,18,5
1,0,4,2
0,0,10,2
0,0,3,2
1,1,40,5
1,0,39,1
3,3,79,5
2,2,10,5
4,1,18,2
2,0,41,4
0,0,9,5
3,0,67,1
3,1,68,5
0,0,3,5
4,2,44,5
2,0,15,1
3,1,80,5
9,1,78,3
3,3,22,5
8,1,23,1
2,2,51,5
0,0,5,4
0,0,12,5
1,0,18,3
2,2,47,5
0,0,2,1
3,3,69,5
0,0,1,4
3,0,9,1
5,0,64,1
4,0,25,1
2,2,14,5
1,1,14,5
3,3,58,5
0,0,6,5
2,0,30,2
3,0,14,2
10,2,19,3
0,0,3,3
0,0,7,5
4,0,54,3
2,0,27,4
1,1,74,5
0,0,34,5
4,0,34,3
6,1,73,3
0,0,2,3
1,1,6,5
2,1,11,4
3,3,32,5
4,4,39,5
0,0,3,2
4,1,11,5
6,0,86,2
1,1,12,5
0,0,2,5
0,0,13,2
1,1,10,5
6,1,50,4
0,0,6,1
0,0,10,5
5,3,63,5
14,0,199,2
0,0,49,5
1,1,13,4
1,1,4,4
0,0,17,2
0,0,28,5
1,0,9,2
0,0,3,4
3,3,106,5
0,0,0,1
0,0,5,4
5,0,46,2
0,0,10,5
1,1,14,5
6,2,33,4
6,6,96,5
2,0,31,2
8,8,127,5
5,5,97,5
2,1,21,5
1,1,14,5
2,0,7,3
1,1,13,5
0,0,10,1
2,0,21,3
2,0,74,2
0,0,1,1
3,3,17,5
13,1,131,2
0,0,5,1
4,4,51,5
0,0,22,5
5,0,66,4
1,1,14,4
5,1,17,1
2,2,53,5
0,0,32,4
2,2,13,5
1,1,7,5
7,7,72,5
1,0,59,1
1,0,1,2
7,7,111,5
4,0,15,1
1,1,6,5
4,0,43,1
0,0,11,4
3,0,53,1
0,0,7,3
1,1,3,5
0,0,26,5
2,2,26,5
0,0,22,5
12,1,97,4
4,0,38,1
0,0,3,5
2,0,7,2
1,0,13,2
1,0,2,4
5,0,66,4
8,2,19,5
5,5,29,5
5,0,18,3
4,4,42,5
3,3,51,5
6,0,109,1
0,0,19,4
0,0,15,3
5,0,60,2
0,0,1,2
3,0,41,4
7,1,38,4
1,0,8,3
1,1,9,5
1,1,11,3
3,1,63,4
0,0,12,5
6,1,43,2
1,0,26,1
1,0,9,4
1,1,3,5
1,0,3,1
1,1,11,5
0,0,39,5
3,0,21,1
0,0,8,4
1,0,15,3
8,0,122,2
9,2,72,4
3,1,37,2
1,0,2,1
1,1,34,5
4,0,38,1
3,0,7,1
4,1,63,4
2,1,29,2
0,0,15,5
0,0,30,5
4,1,46,4
1,0,7,2
3,1,29,5
2,0,15,2
12,3,157,4
3,0,31,1
1,1,20,5
6,1,17,5
0,0,0,5
2,1,27,5
0,0,0,5
3,0,7,1
1,1,19,5
1,1,11,5
12,1,82,4
2,0,10,3
0,0,2,1
2,1,9,5
1,1,13,5
0,0,0,1
1,1,7,5
3,0,13,1
1,1,5,5
0,0,8,2
0,0,0,4
4,4,66,5
2,1,8,4
1,0,23,4
2,0,30,3
6,3,38,4
1,0,13,1
5,1,42,2
6,2,56,4
5,1,71,4
4,0,31,2
7,4,49,5
3,0,27,1
0,0,17,5
1,1,2,5
5,1,52,4
0,0,16,1
4,4,46,5
2,1,17,3
1,1,27,5
0,0,2,5
1,1,13,5
1,1,3,5
2,1,17,1
23,4,243,3
3,3,36,5
3,1,44,4
12,10,325,5
2,2,68,5
8,1,40,4
1,0,18,1
3,2,37,4
4,1,33,3
3,3,15,5
3,3,65,5
4,1,46,1
0,0,37,5
3,3,73,5
0,0,3,5
3,2,38,5
1,0,20,2
2,1,17,3
1,1,36,5
6,1,14,4
1,1,58,5
3,3,87,5
6,0,21,5
0,0,11,4
6,1,41,4
0,0,10,5
8,1,14,2
2,1,16,5
7,0,40,4
5,1,27,2
1,1,21,5
0,0,18,5
1,1,25,5
6,1,93,3
8,3,54,4
0,0,33,5
3,3,60,5
0,0,17,5
5,1,49,3
0,0,8,2
4,4,38,5
5,5,57,5
1,0,3,3
6,6,66,5
1,1,32,5
0,0,2,5
9,9,225,5
7,3,9,3
0,0,21,5
8,2,107,3
0,0,4,2
7,1,62,3
11,0,79,4
1,1,25,5
1,0,18,3
1,1,4,5
2,1,7,2
8,0,53,1
0,0,7,5
0,0,4,5
2,0,36,2
0,0,20,1
5,0,34,1
2,0,16,4
0,0,6,1
0,0,72,5
3,1,34,2
1,1,21,5
7,3,83,5
0,0,0,1
1,0,3,1
0,0,1,5
0,0,4,1
1,1,39,5
0,0,12,5
1,1,9,5
8,2,82,4
0,0,2,1
0,0,11,5
1,1,25,5
1,1,20,4
4,1,34,5
13,0,224,2
2,0,63,2
1,1,38,5
6,0,15,4
3,2,21,5
0,0,19,5
1,1,22,5
1,1,17,2
4,1,48,2
10,3,43,5
0,0,10,5
3,3,40,5
5,5,78,5
6,0,30,2
2,2,31,5
4,0,16,4
4,3,31,5
4,4,51,5
1,0,6,4
0,0,0,4
1,1,3,1
1,0,17,4
7,0,54,3
1,1,10,3
2,2,11,5
0,0,15,5
4,1,30,5
3,2,42,5
0,0,0,1
9,0,77,1
0,0,12,5
2,2,8,5
1,1,38,5
0,0,6,5
2,0,31,4
4,4,48,5
1,1,16,5
3,3,83,5
0,0,13,5
3,1,23,3
1,1,65,5
4,2,37,3
1,1,34,5
5,5,71,5
4,0,31,4
1,0,17,2
3,2,12,5
5,2,55,2
1,1,49,5
1,1,33,4
0,0,16,5
1,1,43,5
2,1,11,1
1,1,19,4
2,0,56,1
3,0,49,4
0,0,2,4
3,1,25,4
5,5,86,5
1,0,3,2
0,0,12,2
6,6,214,5
0,0,3,5
4,3,82,5
3,3,79,5
2,0,29,4
26,1,521,1
0,0,15,5
1,0,4,4
1,1,5,2
0,0,7,5
0,0,3,5
0,0,14,5
1,1,11,5
0,0,0,1
3,3,28,5
3,3,43,5
4,1,11,1
1,0,37,4
1,1,6,5
0,0,9,5
0,0,8,5
1,0,6,4
1,1,39,5
3,1,72,4
1,0,18,1
0,0,59,5
5,0,12,2
2,2,37,5
5,0,47,1
1,0,41,3
4,4,50,5
2,0,13,1
2,0,19,4
5,5,86,5
1,1,14,5
0,0,17,5
0,0,14,5
6,1,47,3
10,0,153,3
0,0,3,5
0,0,28,5
0,0,15,5
1,0,11,4
3,0,4,1
0,0,10,5
1,0,2,2
3,1,57,4
5,5,54,5
4,1,11,3
1,0,14,1
0,0,2,5
2,0,5,1
3,0,26,5
1,1,16,3
9,1,58,1
0,0,27,5
2,0,41,1
3,3,52,5
0,0,6,2
1,1,24,5
0,0,10,2
0,0,2,1
0,0,0,4
1,0,11,4
0,0,0,5
0,0,4,5
1,1,26,5
8,0,152,4
1,1,11,5
7,0,12,1
2,2,29,5
1,0,26,4
1,0,80,5
6,2,51,4
0,0,0,5
2,2,27,5
0,0,10,2
9,2,95,3
0,0,1,5
2,2,14,5
5,3,9,5
3,2,23,4
0,0,1,4
3,1,45,4
0,0,2,2
0,0,3,5
6,6,208,5
4,4,22,5
4,0,19,2
0,0,2,4
0,0,15,5
2,2,8,5
1,0,13,1
11,1,124,2
2,1,38,5
0,0,5,2
2,2,53,5
0,0,11,5
0,0,12,5
2,2,27,5
1,1,27,5
4,3,38,5
1,0,13,3
1,1,15,4
2,2,31,5
1,1,31,1
4,4,50,5
6,6,125,5
0,0,3,3
1,0,8,2
5,0,38,2
2,0,48,4
24,5,218,4
7,2,50,4
3,0,15,1
0,0,4,3
3,3,74,5
2,0,29,3
3,0,8,4
14,4,18,5
1,0,5,2
1,0,5,3
0,0,12,5
8,1,68,3
4,0,36,1
2,2,26,5
1,0,33,1
0,0,11,5
0,0,33,5
5,4,17,5
2,2,26,5
1,0,25,3
0,0,2,4
1,1,17,5
0,0,9,5
2,2,4,3
1,1,50,5
0,0,21,5
3,0,43,1
0,0,3,5
2,0,57,3
41,5,616,2
6,1,16,4
0,0,21,1
2,2,88,5
2,1,11,2
0,0,4,3
1,1,16,5
0,0,0,5
0,0,19,5
4,1,12,3
0,0,18,5
1,0,10,4
6,6,84,5
0,0,11,5
0,0,0,1
1,0,14,4
0,0,2,5
2,2,50,5
1,1,35,5
3,0,56,4
2,2,25,5
0,0,7,5
0,0,24,5
7,0,66,3
2,0,32,4
3,3,43,5
3,1,22,4
0,0,9,5
3,0,59,4
1,0,10,1
0,0,50,2
0,0,1,2
1,1,13,5
0,0,3,5
9,1,54,4
0,0,26,5
0,0,7,5
0,0,1,1
6,2,17,5
3,0,12,1
1,1,7,3
3,0,27,1
0,0,1,2
1,1,23,5
1,1,10,5
0,0,29,1
0,0,6,5
1,0,26,2
0,0,10,3
4,1,12,2
1,1,21,4
0,0,1,2
0,0,3,5
0,0,2,5
8,0,121,4
0,0,1,3
1,1,24,5
1,0,24,4
3,0,12,2
2,1,5,4
3,3,10,5
0,0,0,5
1,1,2,5
0,0,4,2
1,1,10,5
8,8,125,5
8,0,46,1
0,0,0,3
0,0,22,1
2,2,23,5
0,0,2,5
8,0,70,1
5,0,13,2
2,1,25,5
2,2,41,5
3,0,23,1
4,0,70,3
2,2,53,5
2,0,48,1
2,0,10,5
7,5,61,5
0,0,9,5
0,0,11,5
2,1,6,3
1,1,16,2
0,0,1,2
1,0,4,1
2,2,88,5
8,1,105,4
3,3,34,5
4,0,80,4
1,1,51,5
0,0,4,1
3,0,36,4
3,3,84,5
1,1,9,5
2,2,34,5
1,0,32,1
0,0,4,4
1,0,16,2
0,0,12,5
2,0,31,1
0,0,4,1
0,0,8,5
3,3,72,5
0,0,23,5
0,0,0,5
2,0,54,1
2,1,6,1
0,0,3,5
5,1,15,1
1,1,31,2
1,0,8,1
0,0,4,3
1,0,13,2
0,0,39,4
2,2,35,5
1,1,14,4
3,0,8,1
1,0,16,2
4,0,40,1
1,0,3,4
6,0,21,2
0,0,2,5
0,0,0,5
3,0,39,2
1,0,11,4
2,1,12,5
1,1,41,5
1,0,19,4
0,0,5,3
2,0,89,2
0,0,0,1
3,0,40,4
0,0,1,5
3,0,37,1
1,1,7,5
1,1,49,5
6,0,85,1
3,0,42,1
0,0,2,5
1,1,27,5
0,0,7,5
4,4,120,5
3,0,10,3
0,0,0,2
1,0,5,4
1,0,32,1
0,0,0,5
4,0,33,1
1,0,1,4
6,1,10,4
3,0,35,3
0,0,1,5
2,1,14,3
2,0,7,5
10,0,60,1
0,0,3,4
1,0,13,4
0,0,15,5
0,0,9,5
4,1,100,4
3,3,8,5
3,0,22,4
0,0,13,5
16,2,156,1
1,1,20,5
5,5,54,5
1,0,48,2
0,0,2,1
0,0,2,5
1,1,11,5
3,0,15,4
8,0,114,2
0,0,6,1
1,0,2,4
1,0,9,5
2,0,18,4
1,0,4,3
0,0,14,2
2,0,19,3
2,1,36,4
8,8,144,5
6,1,23,1
5,0,45,4
1,1,89,5
5,2,8,5
0,0,29,5
3,0,7,2
0,0,3,5
4,4,12,5
0,0,3,5
2,0,10,4
0,0,3,1
0,0,1,3
2,2,54,5
4,4,43,5
0,0,5,5
10,4,98,4
2,2,8,5
0,0,5,5
2,0,21,3
3,1,8,5
2,2,17,5
3,3,19,5
3,0,43,1
1,1,27,5
0,0,35,5
13,2,130,4
17,17,411,5
1,1,23,5
1,1,10,5
0,0,17,2
5,0,23,1
3,0,26,4
2,2,14,5
2,0,9,3
1,0,11,1
0,0,13,2
0,0,0,1
1,1,7,5
0,0,12,1
4,1,7,4
1,1,19,5
1,1,15,4
0,0,10,5
5,3,83,4
7,7,133,5
2,0,16,2
0,0,2,3
2,1,30,3
0,0,22,5
1,0,6,2
4,1,26,2
0,0,16,5
4,2,25,5
2,0,42,4
1,1,30,5
1,1,65,5
0,0,9,4
0,0,8,1
0,0,5,4
1,0,14,2
0,0,3,5
0,0,22,5
1,0,2,1
1,1,14,5
2,1,21,1
2,2,29,5
2,0,32,4
8,0,19,1
2,1,19,5
5,0,44,3
6,0,61,3
0,0,49,4
5,1,42,3
0,0,6,5
9,1,96,1
3,0,12,2
1,1,2,5
7,0,28,1
0,0,9,5
5,1,12,5
2,2,43,5
3,0,10,4
0,0,0,5
1,1,10,5
3,0,14,3
4,4,50,5
8,6,186,5
2,0,5,4
3,3,75,5
1,0,17,3
0,0,9,5
2,0,13,3
1,1,15,5
4,0,28,1
0,0,0,4
1,1,21,5
0,0,18,5
3,0,13,2
2,0,17,3
1,0,55,1
2,1,4,2
1,0,6,2
3,3,109,5
1,1,48,5
3,3,12,5
3,0,27,2
2,2,30,5
2,0,73,1
0,0,0,1
0,0,8,4
7,2,73,3
1,1,38,5
0,0,13,5
0,0,7,1
3,3,50,5
1,1,31,5
2,2,14,5
3,0,18,2
7,0,22,2
4,0,27,2
1,1,45,5
1,0,29,3
0,0,1,2
0,0,2,5
17,4,219,4
1,1,26,5
1,0,1,1
2,0,20,3
1,0,7,2
3,3,18,5
0,0,7,4
5,0,29,4
3,1,9,5
17,2,15,5
3,3,96,5
7,3,52,5
0,0,0,5
0,0,7,3
2,1,18,3
7,0,24,4
0,0,0,4
0,0,1,4
2,2,10,5
1,1,10,5
3,2,28,5
4,2,31,2
2,0,4,2
1,0,5,2
1,1,2,5
1,0,25,1
2,0,31,1
2,0,4,1
3,3,125,5
0,0,2,5
2,2,36,5
3,1,41,2
4,3,9,4
2,1,18,3
1,0,2,2
2,0,17,1
0,0,16,5
2,0,12,4
0,0,6,5
6,1,74,1
8,1,68,1
1,1,14,5
1,1,13,5
0,0,4,3
0,0,18,2
3,3,76,5
3,0,6,1
2,1,22,5
1,1,19,5
1,0,4,2
6,0,129,2
9,9,52,5
0,0,40,5
0,0,4,5
2,1,17,5
1,1,39,5
1,1,6,4
0,0,8,5
0,0,0,3
6,6,124,5
4,2,49,5
0,0,4,3
2,0,49,4
4,4,69,5
1,1,12,5
0,0,1,5
0,0,5,2
17,17,270,5
4,0,81,1
1,0,30,2
5,1,52,4
15,0,211,1
1,1,21,5
0,0,10,4
3,0,69,2
0,0,2,2
0,0,1,4
2,0,16,1
1,1,18,5
0,0,10,1
1,0,4,4
6,6,43,5
1,1,11,5
0,0,8,5
12,12,196,5
1,0,19,2
1,1,19,5
0,0,0,2
0,0,4,5
3,3,55,5
3,3,22,5
1,1,29,5
1,0,31,4
7,0,25,1
3,3,26,5
4,3,14,5
2,2,24,5
8,2,68,4
1,0,17,1
0,0,2,2
0,0,2,2
1,1,10,5
1,0,2,2
0,0,0,1
1,1,7,5
2,2,29,5
2,2,53,5
2,0,6,2
0,0,2,4
2,2,35,5
3,3,30,5
4,0,44,2
1,1,81,5
4,0,14,1
0,0,7,5
15,15,149,5
0,0,2,2
2,0,20,1
1,0,12,2
0,0,24,5
2,0,44,2
4,3,30,5
4,4,30,5
7,0,126,1
1,0,1,1
4,1,15,4
6,0,58,1
13,12,217,5
1,0,2,4
3,0,57,2
1,1,14,5
3,3,17,5
1,1,51,5
1,1,19,5
0,0,10,1
2,1,9,4
2,0,20,2
10,1,134,3
0,0,8,4
1,0,10,4
0,0,0,1
1,1,57,5
0,0,4,1
7,0,58,1
0,0,4,1
4,1,22,1
9,1,42,3
2,2,19,5
1,0,21,3
2,0,20,1
2,0,7,4
0,0,16,5
2,0,8,1
1,1,26,5
2,2,37,5
0,0,12,4
11,10,214,5
6,0,24,3
4,4,28,5
5,0,52,2
1,0,13,2
0,0,11,5
1,1,28,5
0,0,6,3
4,0,22,5
0,0,4,1
6,1,64,4
2,1,6,4
2,1,18,3
2,2,11,5
1,0,9,4
0,0,5,4
12,2,116,3
0,0,8,2
2,0,21,5
1,1,30,5
1,0,33,4
2,0,3,4
2,0,19,4
3,1,10,5
0,0,2,1
23,23,517,5
2,0,46,1
4,4,67,5
2,0,11,2
2,0,63,1
10,0,20,1
1,0,12,4
4,1,38,2
1,1,52,5
0,0,14,3
4,1,27,3
0,0,4,3
1,1,6,5
17,0,18,1
0,0,26,5
0,0,0,5
13,0,141,1
4,1,25,1
8,8,158,5
3,0,19,3
0,0,1,5
7,2,66,4
1,0,1,4
2,1,7,3
1,1,46,5
2,2,11,5
1,0,9,4
1,0,18,1
1,1,17,1
0,0,7,1
6,1,42,3
2,2,44,5
0,0,19,5
1,1,20,5
1,0,26,5
2,2,52,5
3,1,33,3
1,1,25,5
0,0,2,5
7,0,15,1
0,0,2,5
0,0,0,2
6,1,49,4
0,0,12,5
0,0,41,5
0,0,0,5
3,3,17,5
0,0,4,4
0,0,28,3
0,0,12,5
0,0,66,4
2,0,16,4
2,0,23,4
0,0,20,5
7,7,131,5
2,1,13,4
0,0,27,5
2,2,82,5
0,0,1,5
0,0,13,5
10,10,220,5
1,1,28,5
1,0,44,2
5,5,45,5
2,1,10,2
1,1,4,5
1,0,16,3
6,0,8,1
3,3,59,5
1,1,9,5
0,0,1,1
6,0,57,2
8,0,54,1
6,0,94,4
0,0,10,5
0,0,1,4
1,0,11,4
3,3,43,5
0,0,11,5
1,1,14,5
7,0,75,3
2,2,5,5
3,3,43,5
2,2,18,5
0,0,12,5
0,0,3,1
3,3,45,5
0,0,1,5
1,1,5,5
2,0,17,1
2,2,16,5
1,0,51,3
0,0,20,4
7,2,30,5
1,1,10,5
5,0,82,1
1,1,3,5
1,1,20,5
0,0,2,5
2,1,23,2
0,0,29,5
0,0,7,5
4,4,13,5
3,0,71,3
8,1,31,4
0,0,1,5
8,8,227,5
0,0,0,2
2,2,33,5
2,2,59,4
1,0,25,4
0,0,9,1
2,1,20,5
0,0,0,3
2,0,10,4
2,1,3,3
1,1,10,5
1,0,15,1
2,2,14,5
1,1,33,5
3,3,28,5
3,0,38,2
1,1,8,5
2,2,42,5
0,0,1,5
2,0,15,3
0,0,12,5
3,3,40,5
3,0,15,1
2,2,13,5
3,2,30,5
0,0,12,5
5,1,81,3
1,1,10,1
2,1,16,4
1,1,3,5
4,4,87,5
3,0,14,1
1,0,13,3
5,5,96,5
2,2,29,5
3,1,19,5
3,0,48,2
16,3,285,2
4,2,46,3
4,0,54,2
0,0,15,5
2,0,21,1
3,0,31,4
6,0,31,4
0,0,16,5
1,0,20,1
3,0,13,2
0,0,16,4
1,0,9,4
3,0,18,3
2,0,7,4
0,0,22,5
0,0,0,2
8,1,49,4
1,0,38,3
1,1,16,5
5,2,37,3
0,0,29,5
3,3,20,5
0,0,15,5
2,0,36,1
0,0,4,5
5,0,91,3
4,0,11,1
7,7,103,5
1,1,3,4
5,0,39,2
5,0,40,3
2,2,36,5
3,1,36,4
1,1,16,5
3,3,46,5
7,1,66,3
2,1,14,5
2,0,32,1
2,2,10,5
3,0,72,2
2,0,9,4
0,0,27,1
2,0,20,1
0,0,27,5
1,1,18,5
0,0,1,3
19,1,10,1
9,1,131,2
1,1,17,5
17,17,512,5
1,0,26,3
1,0,9,2
8,1,120,2
1,0,32,4
5,1,10,4
2,0,35,4
0,0,5,5
0,0,6,5
4,4,52,5
5,1,52,4
1,0,23,2
1,1,48,5
1,1,12,5
1,0,23,3
2,0,67,1
0,0,5,5
0,0,0,1
0,0,5,2
1,1,11,5
2,1,7,4
2,2,73,5
2,2,29,5
5,1,15,3
0,0,1,1
2,2,11,5
0,0,12,3
2,2,25,5
0,0,8,5
4,1,35,5
0,0,0,4
2,2,31,5
2,2,6,5
18,2,180,4
0,0,8,5
4,0,45,4
4,0,4,2
1,1,19,5
1,0,16,4
0,0,9,3
3,0,8,1
1,0,5,3
0,0,19,5
2,0,17,2
1,1,9,5
0,0,1,5
5,5,112,5
5,0,87,1
0,0,3,5
0,0,13,5
0,0,14,5
3,1,50,5
2,2,11,5
0,0,3,5
13,13,127,5
1,1,24,5
8,0,16,1
2,2,19,5
0,0,0,1
2,0,31,1
2,1,27,3
2,1,7,4
0,0,9,5
7,1,32,4
2,2,29,5
0,0,38,5
16,0,184,1
7,1,73,4
0,0,9,5
3,1,10,4
0,0,31,5
0,0,16,5
0,0,0,1
7,7,78,5
0,0,32,5
0,0,3,3
0,0,0,1
0,0,37,5
2,2,44,5
0,0,6,3
2,2,10,4
6,1,153,3
5,0,15,2
0,0,7,1
1,1,7,5
7,0,38,3
1,1,3,5
5,5,130,5
0,0,35,5
2,0,8,3
0,0,2,4
7,5,70,5
6,0,67,1
1,1,15,5
14,0,167,2
1,0,15,5
2,2,17,5
7,6,129,5
1,0,25,2
3,2,9,5
1,1,3,4
1,1,4,4
0,0,7,3
0,0,50,5
7,1,89,4
3,1,54,4
0,0,45,5
9,3,75,4
6,6,61,5
13,1,215,3
0,0,6,3
0,0,1,1
5,1,27,2
1,1,8,5
1,0,3,3
0,0,33,5
1,1,23,5
0,0,10,5
6,3,77,4
1,1,11,5
6,6,81,5
3,2,42,5
2,2,6,4
4,1,63,4
2,1,13,2
2,1,5,3
1,1,9,1
3,1,34,3
11,1,91,4
1,1,14,5
1,0,13,1
2,2,61,5
0,0,0,2
1,1,37,5
1,1,25,5
2,0,32,2
0,0,7,2
3,0,21,1
1,0,20,1
1,0,6,4
3,2,20,5
8,1,30,1
8,8,89,5
0,0,31,5
5,1,31,4
1,1,7,5
0,0,25,5
1,0,4,1
2,2,15,5
1,0,2,4
3,0,17,1
2,1,20,3
0,0,1,5
0,0,4,5
4,1,58,4
6,6,151,5
4,4,53,5
2,0,69,3
4,0,13,4
1,0,6,4
2,0,9,2
1,0,21,2
1,1,9,5
1,0,37,4
4,4,48,5
0,0,1,5
1,1,35,5
0,0,12,5
2,2,26,5
1,1,92,5
3,0,24,4
2,0,20,2
0,0,0,1
1,0,6,4
2,0,9,2
1,0,25,4
0,0,31,5
0,0,1,2
7,2,60,3
6,2,77,2
0,0,3,1
9,0,60,3
4,1,63,2
0,0,2,2
1,0,8,1
7,2,76,3
5,0,43,4
5,1,41,3
5,0,37,3
5,0,85,2
4,4,97,5
0,0,0,4
0,0,1,4
1,0,22,1
2,2,95,5
1,0,5,2
1,0,9,2
0,0,2,5
2,2,24,5
1,1,17,5
0,0,4,2
4,1,45,4
1,0,13,4
0,0,1,5
1,0,3,1
4,3,45,5
1,1,5,5
0,0,6,2
0,0,2,3
9,0,80,3
1,0,5,4
0,0,13,5
1,1,28,5
5,1,35,5
2,0,6,2
9,0,48,1
10,3,82,4
12,12,365,5
1,0,21,2
4,0,74,1
2,1,2,2
1,0,7,2
2,2,26,5
3,3,51,5
5,2,28,2
3,3,62,5
5,5,73,5
11,0,25,4
1,0,37,1
3,1,17,5
6,6,147,5
4,0,10,4
8,6,105,5
1,0,12,2
1,1,32,5
0,0,2,5
0,0,17,5
4,4,89,5
4,0,29,2
1,1,11,5
4,0,23,4
1,0,24,4
1,0,24,1
3,3,73,5
0,0,9,5
0,0,5,5
0,0,4,5
0,0,19,1
2,0,5,4
0,0,6,3
3,0,16,2
8,1,93,1
1,0,11,3
4,0,18,4
0,0,13,5
0,0,5,5
6,6,76,5
4,3,52,5
0,0,14,4
0,0,20,5
6,0,75,3
7,1,55,2
1,0,22,2
0,0,2,5
6,4,120,5
1,1,5,4
3,0,33,2
0,0,10,5
1,1,5,3
0,0,12,2
1,1,58,5
3,0,9,2
3,0,19,3
12,2,74,3
0,0,0,2
40,40,923,5
0,0,33,5
3,3,17,5
1,1,14,5
4,1,44,3
0,0,3,1
0,0,2,2
4,0,62,2
2,2,96,5
3,0,11,2
2,0,22,1
2,1,11,2
2,1,9,5
3,0,26,4
1,1,13,5
0,0,25,5
1,1,8,3
18,1,205,2
0,0,26,5
11,1,54,4
1,0,16,2
2,1,5,2
7,2,76,2
0,0,16,4
3,3,12,5
1,1,27,5
7,0,105,3
2,0,12,5
4,1,23,2
0,0,19,5
2,0,19,5
2,0,15,1
2,0,30,2
3,2,67,5
3,0,26,2
1,1,10,5
4,3,32,5
2,0,68,1
0,0,0,2
18,0,14,1
3,0,34,2
2,0,26,1
1,1,44,5
4,0,23,1
0,0,5,1
6,0,48,1
0,0,27,5
0,0,11,5
10,10,200,5
0,0,13,1
3,2,104,5
2,0,17,3
4,1,68,1
1,1,13,5
4,4,39,5
2,0,10,4
1,1,4,5
2,0,11,1
3,1,13,4
2,2,22,5
2,2,11,5
1,1,8,5
4,2,64,4
0,0,22,5
2,0,4,4
0,0,4,1
3,0,35,1
0,0,2,5
3,1,8,4
6,4,166,5
1,1,13,1
1,1,4,5
4,1,62,4
2,0,29,1
4,4,21,5
4,4,156,5
2,2,33,4
2,2,23,5
0,0,1,5
6,6,133,5
1,1,1,5
1,1,11,5
0,0,10,5
3,3,106,5
1,0,14,2
2,2,39,5
6,0,29,3
0,0,47,5
2,2,29,5
12,3,153,2
4,4,23,5
2,2,22,5
0,0,9,3
0,0,21,5
6,1,42,2
1,1,35,5
1,1,14,5
12,11,225,5
0,0,0,5
6,1,22,2
2,2,34,5
1,1,34,5
0,0,8,5
4,0,24,2
2,0,29,1
1,1,23,5
6,1,81,4
0,0,2,5
4,2,52,5
0,0,55,5
1,1,20,5
1,1,6,5
1,1,5,2
1,0,7,4
1,1,52,5
3,1,39,1
3,0,31,1
0,0,12,2
0,0,0,3
1,0,19,3
4,0,13,1
0,0,2,5
0,0,0,5
1,0,19,1
0,0,16,2
1,0,10,2
1,0,3,2
0,0,1,4
3,3,109,5
7,7,60,5
3,3,46,5
0,0,14,4
6,1,10,4
3,0,19,2
1,0,15,2
27,0,452,3
4,4,80,5
1,1,19,5
1,1,46,5
2,2,22,5
3,0,11,1
6,0,49,4
2,2,44,5
3,0,15,1
0,0,22,5
0,0,1,5
0,0,0,5
2,0,24,3
2,1,15,4
3,3,15,5
9,9,285,5
5,0,40,2
7,1,66,2
0,0,3,5
1,0,14,1
1,0,15,1
2,2,33,5
4,1,15,3
3,2,57,5
5,5,69,5
1,0,10,1
0,0,1,5
6,6,84,5
9,0,12,1
2,0,16,1
2,0,23,1
4,0,87,3
1,0,22,2
1,0,1,2
0,0,5,5
0,0,0,5
1,1,60,5
0,0,0,4
1,1,4,4
0,0,4,1
0,0,2,5
0,0,3,1
0,0,9,5
1,1,4,5
0,0,1,5
1,0,4,2
2,2,31,5
0,0,58,4
0,0,16,5
0,0,2,5
0,0,2,5
12,1,144,2
1,0,47,2
3,0,39,2
2,0,23,4
4,0,29,2
0,0,13,5
2,0,12,3
0,0,1,1
0,0,0,5
5,2,22,4
2,2,31,5
0,0,3,5
9,6,141,5
1,1,11,4
0,0,10,1
2,0,51,1
1,1,14,4
1,1,12,5
1,0,5,1
0,0,51,5
7,0,71,2
0,0,1,5
2,2,26,5
0,0,2,1
5,0,44,1
8,1,74,3
4,0,23,4
2,2,34,5
7,0,68,1
1,1,39,5
0,0,10,5
1,1,22,5
2,2,126,5
2,0,11,4
1,0,2,1
3,3,71,5
3,1,28,2
0,0,41,5
0,0,4,2
1,1,42,5
1,0,12,1
1,0,16,1
0,0,5,2
1,1,38,5
0,0,35,5
0,0,1,5
2,2,36,5
2,2,12,5
0,0,15,5
7,7,271,5
5,5,13,5
5,1,33,4
2,0,19,3
0,0,4,2
3,0,62,1
4,3,41,3
0,0,8,4
5,1,56,4
9,9,174,5
3,2,12,5
1,0,9,2
1,0,13,5
1,0,12,4
0,0,4,3
0,0,6,2
1,1,22,5
3,0,10,1
3,0,74,4
2,2,50,5
0,0,4,2
4,2,37,5
0,0,11,5
1,0,32,5
9,9,130,5
7,1,50,4
0,0,11,5
0,0,4,5
0,0,5,5
1,1,31,5
0,0,0,3
2,2,22,5
8,8,109,5
2,0,10,3
1,1,2,3
5,0,9,1
5,5,78,5
8,0,77,1
2,1,34,3
4,2,23,5
12,2,112,4
6,0,71,3
2,2,11,5
1,0,10,1
3,1,44,3
3,1,13,4
0,0,30,2
2,2,30,5
0,0,4,5
1,1,10,3
6,2,50,4
2,1,38,1
2,0,28,4
4,2,49,4
0,0,4,5
7,1,65,2
0,0,0,1
1,1,27,5
1,1,20,5
0,0,3,5
1,1,65,5
1,1,3,5
1,1,15,5
7,0,23,1
0,0,5,5
2,2,33,5
0,0,6,5
2,0,46,1
0,0,14,5
1,1,8,5
8,0,67,2
2,2,23,5
1,1,2,5
1,1,18,5
0,0,2,5
4,0,35,1
10,10,105,5
0,0,5,5
1,0,20,1
4,0,13,2
0,0,3,5
4,3,26,5
4,2,35,3
0,0,0,5
1,1,52,5
1,1,26,5
7,0,52,4
0,0,2,5
3,3,38,5
1,1,40,5
3,0,29,1
1,1,7,5
3,0,36,1
0,0,0,1
0,0,4,5
0,0,6,5
0,0,2,5
11,2,116,4
1,1,10,5
3,0,12,1
1,1,8,5
6,2,14,5
1,0,15,1
5,4,15,5
2,0,35,3
6,2,43,4
7,1,21,2
1,0,21,3
8,0,64,4
3,1,17,4
3,0,43,3
2,0,14,3
5,0,46,4
6,0,87,1
3,1,36,3
5,3,8,5
1,0,4,2
0,0,3,5
0,0,4,5
1,0,11,1
2,1,12,5
0,0,2,4
3,3,42,5
1,1,17,5
0,0,19,1
0,0,3,2
3,3,22,5
2,2,31,5
1,1,16,5
3,1,12,3
1,1,3,5
2,2,16,5
1,0,3,4
1,1,55,5
12,0,102,1
0,0,0,1
0,0,0,5
0,0,3,3
1,1,7,5
3,0,45,3
1,1,19,5
1,1,22,5
4,0,13,2
1,1,27,5
0,0,4,4
4,1,13,2
6,6,187,5
1,1,11,5
0,0,15,3
1,0,5,4
2,0,39,3
2,2,24,5
1,0,3,3
2,0,10,4
2,2,50,5
1,0,21,4
20,3,377,2
0,0,16,5
0,0,88,5
1,1,4,5
0,0,1,5
3,3,15,5
7,0,24,4
3,3,52,5
4,0,58,1
2,0,7,1
1,1,24,5
13,12,233,5
3,3,12,5
1,0,20,1
0,0,1,2
2,0,22,3
6,0,51,1
0,0,0,2
1,1,53,5
0,0,11,5
2,0,8,2
0,0,2,5
1,1,11,5
1,1,4,5
6,0,14,1
2,0,13,2
0,0,1,4
7,2,107,4
2,2,11,5
7,2,25,3
0,0,1,5
5,2,39,4
0,0,23,5
2,0,47,2
3,0,14,1
0,0,35,5
2,0,52,4
2,0,10,1
4,4,39,5
0,0,9,1
0,0,3,5
1,0,10,1
3,3,110,5
2,0,13,4
3,1,20,1
1,0,18,5
2,2,42,5
1,1,14,5
2,0,41,1
0,0,0,5
1,1,7,5
4,1,81,3
1,1,28,5
2,0,49,3
0,0,12,4
0,0,9,2
14,14,209,5
6,0,12,2
1,1,26,5
2,2,17,5
2,1,31,5
4,0,38,1
4,1,49,3
12,4,115,2
0,0,7,3
1,1,51,5
0,0,17,5
0,0,2,2
2,1,16,3
8,0,86,4
7,6,52,5
0,0,4,2
0,0,7,5
0,0,31,2
1,1,23,5
0,0,3,3
0,0,19,2
2,2,8,5
6,1,120,1
5,5,68,5
0,0,0,4
4,1,32,3
0,0,8,5
0,0,0,1
3,3,41,5
4,4,51,5
0,0,3,5
1,1,16,5
1,0,3,3
0,0,1,4
2,1,36,5
0,0,33,3
1,0,2,1
2,0,31,3
4,4,41,5
3,2,14,5
0,0,14,2
1,0,8,4
1,1,10,5
0,0,1,4
1,0,7,5
7,0,41,4
16,16,317,5
3,2,33,5
1,0,24,3
2,0,26,3
0,0,8,5
3,3,33,5
4,4,31,5
8,7,26,5
4,0,43,2
3,0,22,2
5,0,37,1
0,0,15,2
10,2,82,3
2,0,56,2
0,0,6,3
4,1,28,3
2,2,33,5
7,2,29,4
0,0,2,5
0,0,17,5
0,0,8,5
1,0,36,4
2,0,51,1
11,2,14,2
29,2,89,3
4,0,33,4
0,0,5,5
1,0,5,2
4,4,24,5
3,0,14,2
1,0,4,4
2,0,14,3
5,1,8,3
3,0,68,1
5,0,50,1
1,0,7,1
0,0,2,2
0,0,8,5
2,2,59,5
4,2,44,5
4,0,11,4
2,2,16,5
0,0,10,2
8,0,71,1
2,0,13,4
1,1,6,5
6,0,34,2
7,2,86,4
2,2,24,5
0,0,3,5
0,0,10,5
2,2,59,5
4,0,32,2
9,0,130,1
2,0,14,5
2,1,38,4
1,0,14,1
0,0,4,5
2,1,10,1
0,0,11,4
1,1,8,5
0,0,11,5
0,0,4,1
7,0,18,2
1,0,9,2
0,0,3,4
0,0,10,5
3,3,18,5
6,1,58,2
1,1,12,5
1,0,1,1
0,0,29,5
3,1,22,2
5,0,13,1
7,0,32,4
5,1,9,4
8,2,140,4
3,3,67,5
2,2,16,5
0,0,18,2
5,2,26,5
1,1,1,5
0,0,6,5
1,0,5,4
3,3,29,5
1,0,20,5
4,0,37,1
3,1,29,3
10,1,183,4
1,0,18,3
0,0,16,3
1,1,51,5
0,0,14,5
3,0,37,1
2,0,12,5
1,0,7,1
8,1,118,2
1,1,10,4
0,0,1,1
1,1,6,4
0,0,12,5
0,0,37,5
1,0,5,1
22,0,40,3
7,0,107,1
1,1,9,5
3,3,115,5
1,1,3,5
14,2,84,4
0,0,14,5
2,2,4,5
1,1,3,5
0,0,9,5
3,1,61,4
8,8,188,5
9,0,69,2
1,0,27,2
1,1,12,5
3,0,25,1
4,0,70,3
3,0,10,1
2,2,70,5
6,0,74,2
2,2,32,5
0,0,24,5
0,0,1,1
1,1,6,3
3,1,8,3
2,0,3,4
3,0,13,4
0,0,29,5
1,0,13,5
1,1,9,5
7,0,25,3
3,0,14,2
0,0,7,1
1,0,22,4
1,1,35,5
0,0,39,5
4,4,89,5
4,0,29,3
2,2,58,5
4,0,60,1
0,0,8,5
2,0,8,1
0,0,0,5
2,0,27,1
6,1,125,2
1,1,19,5
5,3,12,5
8,8,116,5
0,0,1,5
3,1,19,4
0,0,42,3
0,0,5,4
1,1,17,5
0,0,8,2
1,1,2,4
3,1,25,4
6,1,47,1
1,0,14,4
4,0,63,1
1,1,6,5
0,0,11,5
4,1,45,4
5,0,68,1
0,0,14,5
5,1,11,3
0,0,4,1
2,2,19,5
0,0,19,5
0,0,3,3
2,1,27,5
31,1,511,1
2,2,65,5
5,1,48,4
2,0,30,4
1,0,24,4
3,1,54,4
6,6,53,5
1,0,1,2
10,2,120,2
2,0,40,2
13,10,214,5
1,1,20,5
0,0,0,5
2,2,58,5
2,2,148,5
3,3,22,5
1,1,19,5
5,1,60,3
0,0,10,1
3,0,19,1
4,2,15,5
0,0,2,3
0,0,5,5
1,1,13,5
0,0,10,5
4,4,86,5
0,0,18,5
5,1,57,4
9,1,87,2
6,2,62,4
1,1,12,5
0,0,10,5
2,0,9,1
2,2,27,5
0,0,0,5
1,1,22,5
0,0,2,2
1,0,22,5
2,0,13,4
0,0,13,5
3,3,30,5
2,2,30,5
3,0,9,2
1,1,35,5
0,0,21,1
4,0,70,4
2,2,74,5
2,0,17,4
1,1,38,5
16,1,97,1
1,1,30,5
4,0,34,2
3,1,16,4
1,1,13,4
2,2,64,5
2,2,106,5
0,0,11,1
0,0,2,5
10,10,227,5
3,0,81,1
2,1,7,4
5,3,10,3
1,1,38,5
1,0,3,3
0,0,17,5
2,1,20,4
0,0,4,4
1,1,24,5
0,0,12,2
2,2,7,5
7,0,18,1
2,2,6,5
0,0,7,5
0,0,3,3
2,0,72,3
1,1,5,4
3,1,84,2
0,0,15,5
1,1,12,5
3,0,30,2
8,1,130,4
4,3,66,5
0,0,30,5
0,0,21,5
3,1,9,2
6,0,82,1
3,2,27,4
2,2,146,5
1,0,13,4
0,0,1,5
1,1,22,5
2,2,8,5
3,0,27,1
5,5,11,5
0,0,0,5
4,0,15,4
2,2,34,5
8,1,20,5
2,0,30,1
0,0,42,5
1,0,9,5
3,3,36,5
0,0,22,2
2,1,15,5
5,5,55,5
1,0,13,5
1,1,3,2
0,0,1,5
2,0,46,1
1,1,35,5
4,0,34,3
0,0,7,5
1,0,3,1
15,1,132,2
1,1,12,5
13,1,74,4
0,0,1,5
2,0,7,2
0,0,0,3
2,2,15,5
2,2,26,4
0,0,8,5
1,0,4,4
1,1,17,5
2,0,53,4
0,0,20,5
5,0,14,2
0,0,7,5
3,0,10,4
2,1,34,3
2,2,2,5
5,1,25,4
2,0,20,4
1,1,22,5
11,1,48,3
0,0,21,5
11,6,139,5
1,0,11,1
1,0,12,2
2,1,28,3
1,0,15,1
21,4,224,4
0,0,2,5
1,0,11,1
1,1,48,5
11,0,106,2
0,0,1,5
1,0,15,1
1,1,9,5
2,0,6,1
2,2,5,5
0,0,13,5
0,0,10,3
14,4,122,4
7,0,129,4
1,1,17,5
0,0,15,5
2,1,28,5
1,1,4,5
0,0,12,2
0,0,18,1
0,0,0,5
0,0,12,4
2,2,55,5
2,0,10,3
0,0,3,1
4,4,67,5
1,0,86,1
0,0,5,5
1,1,18,5
2,0,2,3
5,0,39,2
4,0,56,3
4,4,39,5
5,5,59,5
2,2,9,5
4,4,96,5
8,1,92,2
2,0,13,4
2,0,7,1
4,1,43,2
6,1,83,4
1,0,7,1
1,1,6,5
2,0,7,1
3,3,71,5
0,0,10,5
1,0,18,4
7,0,57,3
7,0,33,1
1,0,10,2
1,1,81,5
12,0,18,3
0,0,5,5
0,0,17,5
6,6,56,5
1,1,27,5
1,0,9,1
0,0,3,5
0,0,19,5
3,3,35,5
6,6,180,5
0,0,1,5
3,1,22,3
3,0,14,1
0,0,64,5
0,0,3,3
1,0,10,4
0,0,16,5
0,0,0,2
3,3,10,5
2,2,27,5
0,0,3,5
3,1,14,2
3,3,106,5
3,0,7,3
0,0,30,5
3,0,34,2
4,0,11,1
0,0,16,5
2,1,24,4
1,1,5,5
0,0,7,5
1,0,1,4
6,1,14,5
0,0,0,2
1,1,66,5
4,1,34,4
6,1,27,4
2,2,8,5
0,0,8,4
2,2,8,5
1,0,16,2
0,0,0,5
3,3,13,5
0,0,21,5
10,5,99,5
1,0,44,4
2,1,11,5
2,2,10,5
1,1,25,4
4,4,107,5
3,3,63,5
0,0,3,2
2,1,6,4
18,2,244,1
1,0,33,4
0,0,5,5
1,0,8,3
3,0,20,2
1,1,9,5
4,1,18,2
2,0,20,3
3,3,87,5
3,3,29,5
6,0,54,2
0,0,43,5
4,0,66,1
16,4,106,4
0,0,0,4
2,2,16,5
0,0,2,5
5,0,9,4
0,0,16,3
4,2,16,2
0,0,2,5
0,0,36,5
0,0,8,1
1,1,10,2
1,1,3,5
0,0,12,2
3,0,31,4
1,1,45,5
3,1,21,3
8,3,53,5
3,1,35,3
1,1,40,5
2,0,42,2
2,2,11,5
0,0,18,5
1,1,1,5
1,1,4,2
0,0,9,5
9,0,81,4
12,2,116,4
2,2,16,4
6,6,120,5
1,0,1,4
0,0,0,1
2,0,9,1
7,0,97,1
2,0,18,2
1,0,41,2
0,0,19,5
0,0,3,5
6,3,17,5
0,0,26,5
1,0,2,2
5,0,33,1
1,0,10,1
3,0,22,4
8,0,67,4
0,0,8,5
1,0,4,1
3,3,178,5
1,1,13,5
2,0,28,1
2,2,9,5
1,0,28,5
9,1,10,4
0,0,6,2
0,0,18,1
6,5,132,5
4,2,57,4
2,0,9,1
2,0,5,4
5,1,84,2
0,0,14,5
0,0,1,2
3,3,47,5
3,0,35,2
0,0,5,5
2,0,23,1
0,0,3,2
2,1,25,2
1,1,3,5
2,1,17,2
1,1,12,5
3,3,20,5
8,2,62,4
0,0,0,4
2,2,44,5
4,1,53,3
0,0,2,3
1,1,3,5
0,0,4,4
2,1,36,5
3,3,26,5
0,0,25,5
7,1,11,5
0,0,0,2
2,2,50,5
8,1,28,4
1,0,13,1
0,0,13,5
0,0,0,5
1,1,3,5
1,1,2,5
6,1,31,2
4,4,25,5
4,0,44,3
7,1,86,3
2,0,20,1
3,0,70,4
3,1,17,4
5,0,53,2
1,1,19,5
0,0,4,5
0,0,0,4
0,0,7,5
1,0,13,1
0,0,17,5
4,1,31,3
1,1,10,5
0,0,12,4
7,0,85,1
6,1,15,5
1,0,38,3
0,0,13,5
1,1,9,5
0,0,8,3
3,1,84,2
1,1,7,4
1,1,46,5
2,2,37,5
8,2,75,4
4,0,20,3
0,0,30,5
0,0,13,5
15,0,134,1
0,0,15,5
0,0,74,5
6,0,70,4
12,3,54,4
42,42,562,5
4,4,110,5
0,0,22,5
2,1,9,1
2,2,26,5
3,3,88,5
1,1,15,5
0,0,28,5
0,0,3,3
1,0,13,2
1,1,7,5
0,0,12,4
1,1,17,4
2,2,25,5
6,5,15,5
3,1,20,5
0,0,6,5
8,0,82,2
1,1,15,5
0,0,5,2
1,1,7,5
0,0,0,3
0,0,32,5
6,0,8,4
10,6,110,5
4,0,34,3
2,0,8,1
4,0,12,1
0,0,17,5
1,1,5,3
9,1,22,4
3,3,74,5
1,0,14,5
5,1,25,2
0,0,16,2
0,0,5,2
1,0,32,4
6,6,129,5
0,0,10,5
5,1,41,4
3,3,19,5
2,0,20,1
2,0,39,1
4,0,69,1
1,0,2,1
4,2,38,3
1,1,5,5
1,1,23,5
3,3,23,5
1,0,54,5
4,0,56,2
1,0,3,2
6,0,127,2
0,0,2,5
2,0,41,4
2,0,7,2
5,0,45,4
6,1,28,3
2,0,13,5
7,0,55,1
0,0,6,4
0,0,0,5
1,1,10,5
4,0,15,2
1,1,42,5
12,2,121,1
1,0,2,4
2,0,9,1
4,0,13,3
1,1,25,5
1,1,36,5
1,0,11,2
2,0,4,4
5,0,35,2
1,0,20,3
0,0,17,5
1,1,26,5
1,1,3,5
6,0,43,2
3,3,14,5
0,0,10,5
2,0,48,4
9,3,64,4
0,0,0,5
1,1,3,5
3,0,41,3
0,0,9,5
2,2,18,5
3,3,14,5
0,0,0,5
0,0,15,3
2,0,2,4
1,1,2,5
5,0,90,1
1,1,23,5
7,0,13,4
2,0,28,1
0,0,8,5
1,1,64,5
15,2,40,4
0,0,4,5
2,0,23,2
2,2,10,5
3,2,31,5
4,0,41,4
3,0,12,4
17,0,186,1
3,1,18,5
1,0,2,2
1,1,11,5
2,0,22,4
1,1,56,5
0,0,14,5
0,0,12,4
4,0,9,1
0,0,0,5
3,2,22,5
2,2,9,5
2,2,8,5
0,0,0,2
3,0,70,2
2,1,61,1
13,3,135,4
2,2,13,5
3,1,33,3
1,1,17,5
2,2,39,5
0,0,8,5
2,2,2,5
4,4,13,5
2,2,107,5
6,1,42,3
2,0,39,1
0,0,2,5
1,0,1,4
2,0,40,1
10,0,62,1
3,0,30,3
3,3,11,5
11,0,51,2
0,0,15,3
2,0,9,3
0,0,21,5
4,0,107,2
2,2,44,5
0,0,7,5
0,0,13,5
0,0,3,5
2,2,45,5
1,1,13,5
0,0,1,3
11,2,186,2
2,2,28,5
6,1,57,2
0,0,20,1
0,0,1,5
2,0,10,1
2,0,4,4
4,0,46,4
2,1,6,4
2,0,11,3
1,0,3,2
1,1,10,5
5,2,56,3
1,0,17,3
4,0,40,1
1,0,21,2
1,1,15,4
3,3,22,5
2,2,14,5
2,2,13,5
0,0,6,1
0,0,15,5
2,0,13,4
0,0,6,5
2,0,4,1
0,0,0,1
2,0,4,3
3,1,17,4
2,1,18,2
2,2,36,5
2,2,21,5
5,4,60,5
2,2,27,5
1,0,23,2
1,1,32,5
5,0,59,2
1,0,9,1
10,0,137,2
1,0,25,3
3,3,28,5
0,0,4,5
0,0,1,2
2,0,16,4
1,1,11,1
2,0,54,3
2,2,25,5
1,1,34,5
5,3,48,4
1,1,54,5
0,0,15,5
6,1,55,4
6,1,49,2
2,2,40,5
2,2,18,5
0,0,12,3
0,0,5,5
0,0,0,4
3,0,28,4
0,0,0,5
3,0,54,2
1,0,21,2
0,0,1,5
1,0,11,4
6,0,20,2
9,1,51,4
0,0,25,4
14,3,164,3
0,0,5,5
1,1,10,5
6,1,72,4
0,0,6,3
4,1,17,4
2,1,56,4
0,0,19,5
0,0,1,5
0,0,10,5
3,0,7,4
1,0,1,4
1,0,7,2
3,1,9,3
0,0,10,2
3,0,46,3
0,0,2,3
4,1,35,4
0,0,10,3
4,4,47,5
1,1,17,5
0,0,6,4
1,0,24,1
3,3,95,5
3,1,28,2
7,7,104,5
1,0,16,4
0,0,6,1
11,1,126,3
3,0,32,1
0,0,2,1
0,0,0,2
0,0,10,5
1,0,1,2
6,0,36,1
2,0,11,1
1,0,13,2
0,0,79,5
7,7,59,5
12,0,57,4
0,0,10,5
5,0,44,2
0,0,1,1
2,2,59,5
2,1,18,5
21,3,325,4
2,2,44,5
1,0,6,4
1,1,11,3
1,0,9,2
1,0,18,1
0,0,3,5
5,0,16,3
4,2,39,2
1,0,4,1
0,0,1,5
3,0,19,1
1,0,25,4
3,2,31,5
1,0,17,1
0,0,1,5
0,0,4,1
1,0,6,4
2,2,26,5
0,0,7,5
1,0,27,1
4,4,122,5
1,1,1,5
4,2,55,5
1,1,5,3
2,2,19,5
0,0,28,4
3,0,16,1
1,1,13,5
1,0,11,2
0,0,2,3
0,0,1,2
1,1,36,5
20,8,236,4
3,2,50,5
0,0,2,5
1,1,40,5
0,0,2,5
2,0,23,1
9,2,58,4
2,0,15,4
1,0,10,4
1,0,8,3
5,0,44,1
0,0,2,5
1,0,15,5
0,0,7,2
3,1,6,2
3,3,48,5
0,0,0,4
8,2,133,4
2,2,10,5
0,0,13,5
1,1,2,5
0,0,1,3
1,0,12,3
1,1,55,5
2,2,17,4
1,1,7,1
6,6,48,5
3,1,28,3
2,2,28,5
1,1,12,5
5,1,16,4
5,2,13,3
1,0,51,2
1,0,12,4
2,1,9,3
0,0,0,1
0,0,7,5
4,0,13,2
4,1,42,2
0,0,33,3
0,0,0,1
1,1,14,5
1,0,30,2
5,5,87,5
9,2,110,2
2,0,6,2
8,3,95,5
1,1,38,5
0,0,0,5
1,1,56,3
1,0,26,4
0,0,0,1
2,2,4,5
2,2,35,5
7,7,50,5
4,4,171,5
1,0,29,5
0,0,19,5
3,1,52,2
4,2,12,5
2,1,39,3
1,1,99,5
2,2,38,5
0,0,3,5
5,0,10,2
2,2,57,5
6,1,37,2
0,0,11,5
2,2,20,5
10,1,45,4
0,0,33,5
7,2,36,2
8,0,8,4
3,0,69,3
1,1,15,5
0,0,27,5
0,0,4,5
1,0,12,3
9,4,48,5
10,0,18,1
1,1,10,5
1,0,16,2
4,4,56,5
1,1,16,5
3,1,50,4
5,2,42,5
1,0,7,1
4,4,155,5
2,1,24,2
0,0,8,5
1,1,14,5
0,0,1,5
2,0,28,1
4,1,14,2
4,4,100,5
2,2,7,5
8,0,91,3
0,0,1,2
0,0,0,5
2,0,44,4
0,0,70,5
2,0,71,1
1,0,9,4
0,0,1,4
1,1,46,5
1,1,9,2
1,0,6,4
2,1,13,3
1,0,32,1
0,0,2,5
2,2,16,5
0,0,13,2
0,0,24,5
0,0,2,2
1,1,13,5
4,1,22,4
3,3,13,5
9,0,69,3
5,0,51,2
1,0,16,4
4,0,31,3
1,0,11,4
4,0,60,4
3,2,16,1
1,1,12,5
3,2,22,4
8,2,50,3
0,0,5,5
3,0,12,2
0,0,5,1
2,1,29,5
6,0,70,4
8,2,16,4
4,4,94,5
12,0,154,1
3,3,8,5
0,0,3,2
0,0,1,5
1,0,15,4
2,0,11,2
3,3,70,5
1,0,18,1
2,0,10,2
3,0,138,4
5,0,75,4
2,0,21,4
2,0,7,2
0,0,0,4
5,0,29,1
0,0,5,1
0,0,13,5
4,1,40,1
6,1,58,2
1,1,7,5
13,10,228,5
0,0,10,5
2,0,21,1
1,1,21,3
0,0,1,1
0,0,5,5
4,2,18,5
5,0,68,1
1,1,4,5
10,1,86,2
8,0,18,2
2,0,16,4
1,0,9,3
3,0,8,1
2,0,7,2
1,1,9,5
2,2,48,5
12,2,104,4
5,5,112,5
0,0,25,5
0,0,2,1
2,2,5,5
0,0,1,5
0,0,5,5
3,1,33,1
3,0,4,2
8,1,61,2
1,1,3,5
2,0,22,2
1,0,7,1
0,0,1,2
0,0,0,5
2,2,13,5
9,2,114,4
6,0,53,3
0,0,1,4
0,0,8,1
7,0,17,1
7,2,18,4
2,1,13,2
11,0,13,1
3,3,65,5
0,0,47,5
0,0,9,5
4,2,24,2
2,0,28,1
9,0,57,4
5,1,11,3
2,1,20,4
6,0,28,3
6,3,71,4
0,0,5,5
2,0,24,1
2,0,7,2
0,0,4,2
3,3,119,5
2,2,48,5
0,0,2,5
1,0,58,5
3,2,30,5
5,1,44,3
3,3,42,5
2,2,88,5
1,0,13,1
0,0,21,4
0,0,1,4
2,0,14,1
0,0,12,5
1,0,18,4
3,3,34,5
1,0,5,2
0,0,5,5
9,9,201,5
2,2,50,5
2,0,10,5
0,0,2,1
1,1,19,5
0,0,6,5
1,1,7,5
5,5,111,5
5,5,46,5
1,0,23,4
0,0,14,3
6,2,39,2
0,0,0,2
6,0,32,3
1,0,8,4
3,3,60,5
1,0,14,4
1,1,11,2
6,0,51,1
0,0,6,4
0,0,3,5
0,0,3,5
0,0,24,5
0,0,27,5
1,0,33,2
1,0,17,2
1,0,37,5
1,0,9,3
2,2,9,5
2,2,42,5
0,0,0,1
0,0,2,2
3,3,49,5
1,0,3,2
7,2,95,3
3,0,23,3
2,1,23,2
0,0,11,5
0,0,0,5
4,0,19,1
3,1,7,3
1,0,2,3
0,0,64,5
1,1,31,5
1,1,20,5
1,1,17,5
0,0,20,2
0,0,33,5
0,0,21,5
3,0,18,1
1,0,9,4
1,1,7,5
1,1,13,5
3,1,14,3
1,1,8,5
0,0,4,5
0,0,4,4
8,2,49,5
0,0,4,4
1,1,34,5
5,0,39,1
2,0,10,5
3,0,14,1
3,2,9,5
14,0,117,2
18,0,49,4
1,1,18,5
1,1,24,5
4,2,37,5
3,0,15,2
1,1,13,5
7,1,41,4
1,1,11,5
1,0,17,2
2,2,30,5
0,0,1,4
3,0,41,3
2,2,80,5
1,0,24,5
3,0,11,1
2,1,12,5
1,1,27,5
1,0,37,1
1,0,8,3
4,4,69,5
0,0,1,2
0,0,4,5
1,1,2,4
4,0,10,3
1,1,10,5
1,1,1,5
0,0,5,5
3,1,14,5
5,1,57,4
2,0,13,4
1,1,16,5
1,0,20,5
0,0,10,5
4,4,61,5
8,5,48,5
3,1,46,1
0,0,2,5
2,0,68,1
0,0,70,5
5,2,20,4
1,0,5,2
0,0,1,4
16,14,249,5
0,0,0,1
1,1,60,5
0,0,0,3
4,1,37,4
1,0,29,2
0,0,4,1
1,1,20,5
3,1,18,4
0,0,2,5
0,0,20,2
1,0,19,1
21,5,188,3
3,0,68,1
2,2,39,5
3,0,55,4
10,7,82,5
0,0,9,4
3,0,22,4
4,1,33,3
0,0,11,5
4,1,18,2
1,1,13,5
1,0,37,2
1,0,11,3
0,0,6,5
3,3,43,5
1,1,53,5
2,0,58,1
0,0,10,5
0,0,0,3
1,0,3,4
7,1,67,3
13,1,234,4
1,0,42,2
7,5,77,5
0,0,9,5
6,0,94,1
7,6,142,5
4,3,83,5
7,0,42,2
5,0,78,2
0,0,4,4
11,2,57,2
9,1,21,3
0,0,0,5
0,0,2,5
1,1,58,5
1,1,24,4
1,1,9,5
0,0,3,4
6,2,10,4
2,0,16,2
2,2,45,5
7,0,56,3
5,1,38,4
4,0,51,2
0,0,2,1
1,0,20,1
0,0,11,5
0,0,0,5
5,0,17,4
1,1,63,5
2,2,10,5
2,0,37,4
2,0,2,4
0,0,15,5
1,1,3,2
0,0,12,5
0,0,30,5
1,1,2,5
3,0,40,2
8,0,36,1
1,0,8,4
0,0,4,5
0,0,3,5
2,1,8,3
7,1,104,1
9,1,82,2
0,0,37,5
4,1,15,1
8,8,210,5
1,0,1,2
1,1,2,5
0,0,5,1
2,0,19,1
0,0,44,5
1,1,39,5
2,2,9,5
3,2,20,3
3,0,18,5
3,1,11,2
4,4,192,5
5,1,23,4
2,0,10,3
8,2,28,2
9,1,143,1
1,0,20,2
1,1,2,5
2,2,38,5
5,0,33,2
0,0,40,5
3,1,44,5
19,3,180,2
4,1,7,2
2,1,28,2
0,0,1,5
0,0,1,4
2,2,54,5
2,2,67,5
1,0,20,4
6,1,68,4
3,3,67,5
0,0,0,5
4,2,10,4
1,1,56,5
3,3,74,5
2,0,13,2
1,0,45,2
1,1,52,5
1,0,12,5
2,1,26,3
0,0,3,5
4,0,41,3
0,0,23,4
0,0,7,5
1,0,15,1
3,3,115,5
0,0,1,3
4,1,9,5
2,2,42,5
4,1,33,1
1,1,29,5
0,0,5,5
0,0,10,1
3,3,46,5
1,0,7,1
2,0,9,4
0,0,8,5
0,0,10,3
7,7,60,5
2,1,3,2
7,0,117,4
3,1,35,4
1,1,7,3
1,0,11,2
1,1,24,5
3,2,11,5
5,1,64,1
2,2,9,5
1,0,11,5
17,2,9,3
3,1,14,1
0,0,0,5
0,0,24,5
0,0,16,5
2,1,41,4
3,3,24,5
1,0,11,1
0,0,45,5
2,2,58,5
1,0,11,4
2,2,25,5
0,0,1,1
10,2,11,5
1,0,9,2
1,1,5,5
0,0,10,2
0,0,32,5
0,0,28,5
4,4,150,5
0,0,3,5
11,0,157,1
0,0,47,5
8,1,15,3
4,0,38,4
4,0,20,1
5,1,51,3
0,0,0,5
3,1,15,3
1,0,13,4
0,0,14,4
5,0,22,2
22,2,69,4
1,1,10,5
1,0,10,3
4,2,34,4
7,1,68,2
2,2,21,5
2,2,66,5
7,1,36,4
2,2,20,5
2,0,26,4
0,0,0,4
2,2,18,5
0,0,8,5
1,1,8,5
1,0,9,5
7,3,85,5
1,1,32,5
1,1,7,5
0,0,0,4
2,0,5,1
1,1,2,5
1,0,10,1
1,1,12,5
1,0,10,3
3,3,25,5
4,4,83,5
4,0,29,4
1,1,38,5
1,1,45,5
1,0,11,3
5,0,31,3
0,0,1,4
7,0,145,1
1,0,17,1
2,0,20,5
0,0,22,4
1,1,4,5
6,0,51,4
9,0,76,1
1,0,29,3
1,1,39,5
0,0,34,1
0,0,1,5
1,1,17,5
4,1,42,1
0,0,6,5
4,0,34,2
1,1,24,5
14,2,93,4
0,0,1,5
2,0,9,5
8,2,100,4
1,0,2,3
6,0,44,1
0,0,2,5
0,0,6,5
2,1,21,5
1,1,10,5
3,3,105,5
0,0,2,5
21,1,278,2
1,0,8,4
4,0,13,2
2,0,38,1
0,0,9,5
0,0,9,5
3,3,66,5
0,0,3,5
4,4,55,5
1,1,32,5
0,0,5,1
0,0,15,4
1,1,5,5
18,1,193,4
6,0,53,3
2,1,11,5
0,0,11,5
0,0,2,4
0,0,9,5
4,1,72,1
2,2,13,5
4,1,44,3
9,0,96,2
0,0,11,5
1,0,6,4
7,1,18,3
1,0,15,5
3,2,16,5
4,4,119,5
1,0,40,1
5,2,39,4
15,2,163,3
2,0,13,1
0,0,8,3
0,0,16,5
6,6,140,5
2,1,14,5
1,0,10,2
9,0,45,2
5,3,53,5
3,3,29,5
7,7,121,5
0,0,6,2
3,1,12,5
0,0,2,4
4,0,65,1
4,0,72,2
4,0,11,3
8,1,78,4
2,1,39,4
0,0,3,1
0,0,0,5
2,2,58,5
0,0,9,5
0,0,10,5
2,1,12,5
3,2,35,4
1,1,60,5
0,0,12,5
0,0,1,2
1,1,9,5
4,0,39,2
7,0,152,1
0,0,11,1
2,0,13,4
1,1,24,5
0,0,2,5
10,1,36,2
1,0,6,1
17,2,226,3
8,0,63,4
1,1,11,5
2,2,4,5
2,0,32,4
1,1,13,5
27,6,327,4
0,0,5,4
3,1,36,4
1,0,15,5
2,2,16,5
1,0,7,1
4,3,11,5
0,0,5,5
6,3,55,4
3,2,21,5
0,0,3,5
0,0,13,3
0,0,0,5
3,3,64,5
0,0,14,4
5,1,120,1
0,0,26,3
0,0,50,5
0,0,4,5
2,2,30,5
1,1,89,5
1,1,33,5
1,1,8,5
3,2,56,5
0,0,0,5
2,2,48,5
8,1,30,3
0,0,12,5
1,1,3,5
1,1,5,5
2,2,32,5
0,0,38,5
0,0,8,5
0,0,12,5
0,0,8,5
1,0,10,3
3,3,25,5
0,0,7,5
0,0,1,3
0,0,6,4
0,0,2,2
0,0,9,5
0,0,2,5
9,3,66,4
0,0,1,5
3,0,46,1
3,1,38,4
4,0,5,1
5,0,8,4
5,1,13,4
3,2,18,4
2,0,9,1
2,2,52,5
7,0,16,3
5,0,64,1
0,0,2,2
12,0,130,2
2,2,19,5
1,0,16,1
1,0,26,4
2,2,52,5
0,0,6,4
0,0,8,5
8,0,10,2
8,0,52,1
3,0,13,4
7,1,39,4
2,2,12,5
0,0,0,1
0,0,5,5
1,0,13,1
1,0,1,1
0,0,7,3
1,1,13,5
0,0,15,5
0,0,1,1
0,0,7,5
2,0,12,3
2,1,26,3
6,1,76,3
12,2,107,3
1,0,8,3
3,3,88,5
1,0,2,1
1,1,5,5
0,0,5,5
0,0,9,5
1,0,8,1
0,0,6,4
19,19,319,5
0,0,3,5
0,0,33,5
3,0,9,4
1,0,16,1
0,0,43,5
1,0,4,3
1,0,16,2
6,0,45,4
2,0,15,2
8,0,6,4
2,0,4,2
3,2,25,2
3,3,81,5
0,0,9,5
3,0,22,3
2,0,15,3
2,2,24,5
0,0,10,4
2,1,13,4
0,0,27,3
10,0,152,1
3,0,24,1
0,0,9,5
2,0,21,2
0,0,2,5
0,0,2,1
0,0,7,3
0,0,34,5
1,0,6,4
2,2,74,5
2,0,10,2
1,1,11,5
0,0,9,5
0,0,23,5
2,0,10,4
2,2,33,5
1,1,29,5
0,0,51,5
1,1,17,5
1,0,11,2
1,1,13,5
1,1,8,5
4,0,39,2
24,5,298,4
0,0,8,5
0,0,20,5
4,4,50,5
0,0,0,5
6,1,27,4
0,0,1,5
1,1,34,5
0,0,9,5
2,1,14,4
2,2,15,5
0,0,16,1
0,0,4,5
5,1,8,3
7,1,101,4
0,0,1,5
0,0,4,5
3,0,9,4
9,3,51,4
0,0,4,1
11,0,54,1
0,0,44,5
1,0,32,3
5,3,13,5
1,0,27,3
11,2,88,3
1,1,5,5
1,0,2,2
2,2,31,3
0,0,2,2
0,0,5,5
3,3,65,5
0,0,33,5
0,0,1,1
3,3,39,5
20,6,191,3
1,1,10,4
2,0,49,3
1,1,31,5
0,0,6,1
0,0,12,2
3,1,27,4
2,2,19,5
2,0,16,5
2,0,4,2
3,2,86,5
3,0,12,3
11,1,126,4
3,3,9,5
1,0,9,2
0,0,12,5
4,2,34,3
6,2,53,1
3,3,16,5
1,1,12,5
1,0,1,1
1,1,11,5
6,0,12,5
3,1,18,5
0,0,2,2
1,0,43,4
0,0,1,1
2,2,13,5
1,0,10,4
4,0,53,1
1,0,23,1
1,1,117,5
4,0,27,2
1,0,27,1
9,1,164,1
2,1,13,5
0,0,11,3
3,0,49,2
1,0,9,1
0,0,3,5
1,0,2,2
2,0,15,1
11,3,94,3
0,0,12,5
3,1,12,4
3,2,14,5
0,0,1,5
2,0,9,3
3,0,12,2
3,3,69,5
2,2,49,5
0,0,15,5
6,2,30,4
4,0,69,3
9,3,94,3
1,0,2,1
2,2,97,5
3,3,45,5
7,1,45,4
4,0,14,3
0,0,1,1
0,0,2,1
1,0,1,2
3,3,17,5
6,0,69,1
4,0,12,2
3,1,41,4
20,2,26,5
6,2,29,3
4,4,45,5
4,1,109,4
0,0,8,3
1,1,26,5
0,0,0,5
2,0,24,1
1,0,9,2
2,2,23,5
8,0,61,3
3,3,38,5
2,2,5,5
1,1,3,4
1,0,30,3
6,6,102,5
5,0,8,4
0,0,10,5
0,0,5,5
5,2,22,5
3,0,43,1
5,0,119,4
1,0,7,2
0,0,7,5
1,1,32,5
1,1,31,5
1,1,27,5
6,1,74,1
1,0,1,4
0,0,22,5
0,0,12,5
7,0,108,2
2,0,44,2
2,0,41,5
4,0,21,4
2,0,7,1
0,0,9,3
14,0,205,1
2,1,19,3
3,0,58,4
0,0,1,5
0,0,1,4
0,0,34,5
2,0,23,4
1,1,27,5
6,2,66,4
2,0,17,4
9,1,64,1
3,0,10,3
0,0,0,5
7,0,81,1
0,0,10,5
11,2,119,1
1,1,19,5
1,1,23,5
2,1,18,2
0,0,17,4
3,3,131,5
1,0,35,4
13,13,126,5
11,0,71,2
1,1,28,5
4,4,34,5
2,1,32,4
1,0,16,2
0,0,15,5
2,2,14,5
3,3,36,5
0,0,7,5
0,0,1,4
0,0,13,5
2,2,76,5
2,0,7,3
2,2,67,5
0,0,5,5
3,0,12,2
1,0,16,5
4,1,57,3
0,0,2,3
0,0,0,4
1,1,43,5
0,0,11,5
0,0,23,5
2,2,33,5
2,0,24,2
3,3,31,5
2,1,11,4
1,1,4,5
1,1,16,5
1,1,21,5
0,0,8,5
13,0,171,2
4,4,49,5
2,0,43,1
2,1,31,5
4,1,26,2
2,2,40,5
2,0,7,4
3,1,52,3
4,0,10,1
4,1,20,2
0,0,17,5
0,0,15,5
2,0,22,4
2,0,24,2
0,0,1,5
2,0,14,4
6,2,62,5
0,0,37,5
1,0,4,2
4,1,42,1
0,0,2,5
6,0,20,2
3,1,6,4
4,0,12,4
1,1,20,5
0,0,8,5
1,0,12,2
1,0,7,3
4,0,60,2
3,0,9,2
0,0,40,5
1,0,17,5
5,1,30,1
0,0,6,2
2,2,58,5
4,4,56,5
0,0,18,5
0,0,2,4
9,0,108,1
6,3,14,5
2,0,32,2
1,0,4,1
1,0,3,4
0,0,4,5
0,0,4,5
7,1,37,4
0,0,4,5
2,1,9,4
2,2,83,5
5,0,12,2
3,3,24,5
6,1,58,2
4,0,45,1
0,0,23,3
12,1,63,1
9,1,7,5
0,0,8,5
0,0,1,3
1,1,46,5
2,0,16,1
0,0,4,5
4,4,47,5
1,0,76,1
0,0,7,5
3,3,37,5
1,1,2,5
0,0,70,5
0,0,2,2
1,0,8,1
1,1,15,5
2,2,89,5
2,0,9,4
4,0,37,1
0,0,21,5
2,0,15,2
1,0,5,2
2,2,74,5
9,0,41,2
6,0,64,4
2,2,13,5
1,1,45,5
10,4,137,4
5,0,35,1
0,0,0,1
4,0,54,2
9,0,136,1
0,0,8,5
1,1,8,5
0,0,21,5
1,1,2,5
1,1,21,5
6,0,59,1
1,0,10,2
1,0,9,1
2,2,13,5
1,0,13,3
9,2,104,4
1,1,6,2
1,0,16,4
1,1,42,5
1,0,4,4
0,0,27,4
8,0,105,2
3,1,20,4
0,0,0,5
1,0,2,4
4,4,130,5
1,1,17,5
1,0,4,4
2,0,46,4
1,0,7,5
0,0,4,5
0,0,36,5
0,0,1,5
3,3,54,5
3,0,23,1
2,2,28,5
1,0,11,5
3,1,24,3
2,2,10,5
1,1,6,5
3,3,36,5
0,0,14,4
0,0,19,1
0,0,8,5
8,2,51,2
0,0,3,4
1,1,16,5
1,1,21,5
2,0,6,2
1,1,7,5
3,3,20,5
7,0,18,2
5,1,29,2
1,1,7,5
1,1,2,5
1,0,8,4
2,0,41,3
2,2,27,5
0,0,0,5
4,0,14,2
1,0,14,1
10,1,82,4
3,3,16,5
0,0,6,5
5,5,66,5
1,0,4,4
0,0,0,4
0,0,1,5
7,2,55,4
0,0,25,5
1,1,25,5
2,0,32,2
1,1,45,5
4,1,25,1
2,0,12,1
2,0,9,1
5,0,51,2
6,6,123,5
0,0,2,4
0,0,2,1
14,2,151,3
3,1,20,2
2,0,45,1
4,4,86,5
0,0,20,5
2,0,17,4
0,0,129,5
0,0,10,5
6,0,52,3
2,2,115,5
5,0,65,1
6,6,155,5
0,0,34,5
0,0,0,5
1,1,12,4
3,3,39,5
0,0,6,5
2,2,71,5
2,0,5,4
6,1,97,3
2,1,47,5
0,0,6,5
5,0,14,2
1,1,6,5
6,1,52,2
2,2,42,5
0,0,10,4
1,0,8,2
4,1,24,4
0,0,39,5
0,0,18,5
0,0,1,5
0,0,0,5
2,0,11,1
6,1,65,2
1,1,9,5
18,0,15,5
4,1,24,3
17,3,308,3
0,0,0,5
1,0,35,1
0,0,29,5
2,0,32,1
6,3,29,2
0,0,28,5
2,2,13,5
0,0,7,5
10,0,19,2
7,1,8,4
0,0,21,5
5,4,60,5
9,1,23,1
1,1,28,5
1,1,5,5
0,0,18,2
1,0,18,3
1,0,27,4
1,0,6,1
7,4,51,5
5,0,32,2
4,4,47,5
1,1,10,5
19,4,203,3
2,0,11,1
2,2,17,5
0,0,13,5
4,1,71,4
0,0,1,2
3,1,9,4
4,0,9,4
1,1,6,5
2,0,9,3
4,0,39,2
2,0,12,3
2,0,21,4
1,1,23,5
3,0,51,3
0,0,8,3
0,0,9,5
5,0,16,2
3,0,17,1
2,2,41,5
1,0,13,4
1,1,39,5
2,2,37,4
6,2,29,5
1,1,41,5
5,0,39,1
3,3,48,5
1,0,21,4
0,0,4,3
4,0,17,3
1,1,9,5
2,2,13,5
1,1,31,5
2,0,8,2
7,1,80,4
2,1,12,4
0,0,2,5
9,0,37,2
2,2,25,5
2,2,40,5
8,2,80,4
4,4,42,5
0,0,1,5
2,2,35,5
1,1,3,5
3,3,80,5
9,9,144,5
1,0,13,2
0,0,9,5
2,2,32,5
1,1,14,5
3,1,9,4
7,2,92,4
1,1,18,5
0,0,35,5
3,1,39,4
6,6,89,5
2,2,33,5
0,0,0,1
6,6,44,5
5,5,110,5
5,1,83,2
2,2,8,5
2,1,11,3
0,0,3,5
0,0,9,5
1,1,8,5
0,0,18,3
0,0,1,5
4,4,51,5
1,0,8,5
14,0,20,4
0,0,13,5
2,0,10,2
2,0,28,2
0,0,5,1
1,1,6,5
1,1,7,5
1,0,15,2
0,0,10,3
2,0,14,2
1,0,4,4
0,0,0,4
4,1,23,4
7,7,158,5
3,1,6,3
8,8,201,5
1,1,9,5
1,1,8,4
5,1,46,3
0,0,0,2
9,2,48,1
0,0,10,4
1,1,1,5
4,2,35,2
0,0,1,5
2,0,22,4
3,0,28,3
4,4,44,5
20,1,176,3
4,4,65,5
3,0,10,4
1,1,19,4
3,3,53,5
3,1,38,4
5,0,38,2
1,0,13,2
4,1,25,1
3,3,49,5
0,0,18,5
0,0,1,5
1,0,24,4
1,0,9,2
0,0,38,5
0,0,13,5
1,1,27,5
4,0,19,1
6,1,10,3
4,0,39,2
1,1,13,5
0,0,12,5
1,0,15,4
0,0,14,5
7,0,86,2
0,0,3,1
10,1,22,4
6,2,61,4
1,1,43,5
2,2,10,5
1,0,15,4
1,0,14,3
0,0,10,5
8,0,47,3
5,0,23,2
1,0,10,3
2,0,5,4
0,0,3,5
3,0,20,4
14,14,268,5
0,0,6,1
1,0,9,1
8,2,54,2
1,1,8,5
1,1,5,4
6,0,50,1
7,2,66,3
0,0,3,5
1,0,9,2
10,10,111,5
9,6,158,5
2,2,25,5
0,0,8,4
0,0,8,3
1,1,18,5
3,0,38,3
0,0,0,5
5,0,30,3
2,2,48,5
0,0,3,2
1,0,69,2
3,0,17,2
0,0,3,5
1,0,2,4
0,0,1,3
1,1,33,5
0,0,16,5
4,1,23,2
1,0,3,3
2,2,24,5
1,1,14,5
0,0,0,5
6,1,13,4
3,1,15,4
1,1,4,5
2,2,18,5
9,0,109,2
1,1,35,5
3,0,12,4
2,0,24,4
1,1,8,5
0,0,0,4
1,1,31,5
0,0,2,5
13,1,15,3
0,0,0,5
0,0,72,5
1,0,25,4
2,2,12,5
1,0,10,5
1,1,24,5
3,2,27,4
3,1,43,2
3,3,81,5
5,5,120,5
2,2,30,5
5,4,54,5
2,2,46,5
0,0,13,5
1,1,22,5
13,2,139,3
2,2,16,5
5,0,45,2
4,2,23,4
3,0,18,1
2,2,26,3
2,0,5,4
2,0,15,1
0,0,12,1
0,0,9,2
0,0,4,2
4,2,44,2
7,0,115,1
5,5,38,5
1,0,13,5
7,0,38,2
1,0,35,2
2,0,14,4
1,0,6,4
1,1,15,2
8,8,169,5
2,0,27,3
7,0,54,4
10,1,117,1
2,0,17,1
1,1,12,5
0,0,19,2
3,3,41,5
2,2,20,5
0,0,1,4
0,0,3,2
0,0,1,5
0,0,1,1
10,1,65,1
2,0,12,1
3,2,13,5
3,3,30,5
3,3,11,5
4,1,37,4
0,0,8,5
1,0,13,3
5,5,57,5
1,0,48,4
0,0,2,3
0,0,6,5
1,1,10,5
0,0,6,3
6,0,31,2
9,8,174,5
3,0,24,1
0,0,8,2
0,0,6,1
1,1,23,5
0,0,1,2
1,0,69,4
0,0,0,5
0,0,5,5
0,0,14,4
0,0,28,4
1,0,15,4
0,0,5,5
1,0,2,4
0,0,5,4
0,0,3,5
5,2,31,1
3,3,44,5
3,1,30,5
0,0,5,5
0,0,2,5
2,0,9,1
2,0,45,2
0,0,0,2
0,0,12,5
0,0,19,5
4,0,39,1
0,0,5,5
5,0,65,1
0,0,8,5
0,0,4,3
3,0,15,1
0,0,27,5
0,0,19,5
4,0,6,4
9,9,70,5
0,0,6,5
1,1,4,5
1,1,29,5
0,0,1,1
4,0,47,3
0,0,21,5
1,1,9,5
8,0,40,1
1,0,8,2
6,1,56,4
1,1,9,5
2,1,9,5
1,0,38,2
0,0,27,5
0,0,0,1
0,0,4,3
0,0,13,5
0,0,2,5
1,1,28,5
0,0,12,1
0,0,4,5
1,1,21,5
8,8,193,5
5,1,18,3
0,0,0,5
0,0,2,4
0,0,0,1
1,1,18,5
1,1,33,5
0,0,10,5
0,0,4,5
1,0,9,4
3,0,67,3
4,2,39,4
0,0,23,5
3,2,14,5
0,0,2,1
2,2,10,5
1,0,2,4
3,0,47,4
0,0,10,5
1,1,22,4
3,0,11,2
1,1,9,2
1,0,38,1
1,1,6,2
2,0,31,3
4,4,50,5
0,0,10,5
12,12,247,5
2,2,15,5
1,1,4,5
0,0,13,3
0,0,1,5
3,3,50,5
7,1,13,1
3,1,36,4
6,6,240,5
3,0,55,1
3,0,38,4
6,2,33,4
0,0,4,5
4,0,45,2
3,0,28,4
2,0,42,4
1,1,11,5
1,1,66,5
3,1,21,4
4,4,113,5
3,2,13,4
7,7,115,5
5,1,11,4
0,0,32,5
0,0,24,5
1,0,8,5
0,0,18,1
0,0,2,5
8,8,113,5
4,4,26,5
4,0,45,1
0,0,1,3
6,1,72,4
5,0,64,2
5,5,57,5
3,1,19,3
2,0,4,4
2,0,24,2
3,3,27,5
0,0,15,1
2,0,5,3
0,0,4,5
8,0,40,2
1,1,9,5
3,3,51,5
16,1,229,4
14,2,180,2
2,0,26,2
5,5,62,5
3,0,13,5
4,1,42,1
1,0,2,2
3,0,38,2
6,1,54,3
0,0,0,3
3,0,10,2
5,5,104,5
0,0,9,4
4,0,23,1
1,1,23,5
7,7,125,5
4,0,12,1
6,0,86,1
0,0,0,5
2,0,16,2
8,2,64,4
4,0,46,3
1,0,4,3
4,3,49,5
1,0,2,2
4,2,29,5
1,0,5,2
0,0,0,4
1,0,9,2
0,0,55,5
1,1,15,5
0,0,7,1
2,1,12,2
3,0,22,1
1,0,2,4
6,0,69,2
1,0,35,3
3,3,73,5
14,10,84,5
5,5,39,5
2,1,30,5
2,0,11,1
1,0,13,1
2,2,24,5
2,0,11,3
1,1,24,5
0,0,9,5
5,1,28,4
1,0,7,4
2,2,31,5
3,0,37,4
6,1,15,4
1,1,51,5
1,1,6,4
4,1,42,4
1,1,15,5
4,0,44,2
6,0,39,4
1,0,3,2
1,1,36,5
4,0,45,3
0,0,11,5
3,3,77,5
0,0,2,1
2,0,10,2
0,0,20,2
0,0,9,5
3,1,35,3
9,0,53,1
2,2,12,5
0,0,34,2
0,0,3,5
1,1,45,5
2,2,65,5
1,0,14,4
1,1,31,5
2,0,9,2
1,1,11,3
0,0,7,3
1,1,27,2
3,3,10,5
1,1,2,5
4,2,11,4
3,0,11,2
4,4,105,5
7,7,141,5
2,0,33,2
0,0,3,1
1,1,7,5
1,0,8,4
2,1,98,2
1,0,17,1
11,2,83,2
3,3,39,5
0,0,17,5
1,1,14,3
1,1,27,5
1,1,9,5
0,0,1,4
9,1,49,1
0,0,10,5
0,0,1,1
4,0,31,1
6,6,23,5
2,2,44,5
3,3,95,5
3,3,57,5
4,1,42,3
4,0,26,2
22,2,370,4
0,0,1,5
2,0,45,5
3,0,50,1
3,3,68,5
0,0,2,5
10,8,147,5
3,1,14,5
0,0,3,5
2,0,12,2
1,0,11,4
6,0,70,2
2,2,101,5
1,1,13,5
6,1,64,4
2,2,50,5
4,1,35,3
2,1,20,5
1,0,24,1
1,1,7,5
2,0,21,2
3,1,24,2
0,0,30,2
1,0,7,1
0,0,3,1
1,1,24,5
1,1,6,5
0,0,4,5
0,0,8,5
4,4,75,5
0,0,7,3
0,0,42,5
4,2,20,5
4,4,35,5
0,0,11,5
2,0,4,1
2,2,18,5
1,0,7,1
1,0,99,3
0,0,6,5
3,0,11,3
0,0,4,1
0,0,11,3
3,2,67,5
5,5,109,5
0,0,9,4
2,2,58,5
1,0,7,1
3,0,38,3
0,0,9,3
1,0,21,1
0,0,2,4
0,0,15,5
2,2,28,5
1,0,10,4
2,0,19,1
1,0,52,2
5,0,82,4
0,0,17,3
4,0,16,4
2,0,27,5
6,0,51,4
0,0,0,5
1,0,13,1
5,4,54,5
0,0,23,5
6,4,106,5
0,0,2,3
3,0,8,1
1,1,5,5
1,1,33,5
3,2,12,1
2,2,8,5
3,0,24,4
1,1,22,2
0,0,5,1
4,0,53,1
8,1,97,1
3,3,28,5
8,0,7,4
5,0,52,1
0,0,2,5
11,11,184,5
0,0,10,4
2,2,18,5
2,0,9,2
5,3,65,5
2,0,18,4
1,1,24,5
0,0,7,1
0,0,9,5
2,0,25,3
0,0,32,5
1,1,6,5
1,0,54,2
7,7,54,5
2,0,36,2
5,1,28,2
0,0,4,5
1,0,26,1
2,2,6,5
1,1,51,5
0,0,14,2
0,0,12,5
1,0,6,2
4,0,58,1
12,0,12,1
1,0,11,1
0,0,12,5
5,3,15,5
1,0,12,4
1,1,19,3
0,0,5,3
3,3,47,5
6,0,55,2
10,0,8,5
7,1,41,3
5,0,74,3
1,0,13,3
2,1,10,5
0,0,6,4
0,0,0,5
3,3,14,5
3,3,18,5
5,2,27,2
0,0,3,5
3,0,41,3
9,4,19,5
0,0,0,5
0,0,1,4
5,1,56,3
1,1,28,5
11,0,167,1
1,1,23,5
0,0,8,5
10,10,84,5
2,0,5,1
0,0,16,2
1,1,18,5
6,2,19,5
2,1,12,5
3,0,59,3
4,0,76,4
1,0,7,4
2,0,32,4
9,1,146,4
3,3,47,5
0,0,0,4
0,0,14,5
1,0,11,4
0,0,5,4
1,1,11,5
0,0,1,5
4,4,54,5
10,1,43,2
1,0,6,3
5,5,62,5
1,1,36,5
4,2,41,4
1,0,29,4
2,2,101,5
0,0,25,5
6,1,65,4
0,0,28,5
1,0,9,1
3,3,28,5
0,0,5,2
1,1,4,5
0,0,2,4
0,0,7,5
3,3,11,3
0,0,15,1
0,0,14,2
1,0,1,3
0,0,0,5
2,0,5,3
1,0,10,3
0,0,2,3
3,0,20,1
10,1,117,1
4,0,28,2
7,0,84,1
0,0,8,2
2,0,27,1
2,0,57,2
2,0,19,4
1,0,27,2
1,1,58,5
1,1,14,5
3,3,93,5
2,0,38,4
0,0,19,4
0,0,14,5
1,0,4,1
1,1,35,5
3,3,25,5
2,2,54,5
1,1,32,5
5,5,31,5
8,1,170,4
2,1,33,1
2,0,28,2
3,3,109,5
0,0,36,5
2,2,71,5
22,22,213,5
1,1,18,5
0,0,3,2
0,0,6,2
0,0,8,5
0,0,29,5
5,0,18,3
0,0,3,5
0,0,0,5
10,0,116,1
1,1,8,5
4,0,113,4
2,2,5,5
2,0,15,3
1,0,2,1
3,2,29,4
5,2,9,4
14,1,52,4
0,0,2,5
0,0,0,1
11,0,144,1
4,4,113,5
6,1,82,2
3,0,17,1
0,0,7,5
1,1,28,5
1,1,13,5
0,0,0,3
7,6,115,5
2,0,21,3
1,1,7,5
2,2,7,5
1,1,23,5
0,0,1,1
0,0,1,1
5,5,97,5
11,11,122,5
1,0,4,1
3,1,15,5
0,0,29,2
8,0,117,1
0,0,7,1
2,0,17,4
2,2,65,5
3,0,30,3
4,2,53,4
0,0,0,3
1,0,1,4
1,1,7,5
0,0,2,5
4,4,87,5
8,0,58,2
0,0,8,5
1,1,3,5
0,0,11,5
3,3,40,5
3,1,16,4
0,0,20,5
0,0,5,5
0,0,42,5
0,0,0,5
2,2,43,5
1,1,2,4
3,3,69,5
1,1,16,5
2,2,79,5
6,0,20,4
1,0,13,2
8,8,177,5
0,0,18,3
2,2,14,5
1,1,43,5
5,0,124,1
1,1,6,5
2,0,25,4
2,2,16,5
4,0,13,3
0,0,27,4
1,0,2,4
2,2,53,5
3,1,13,5
0,0,0,5
0,0,2,5
0,0,23,5
9,1,120,1
7,1,91,3
1,0,17,2
2,2,6,5
2,0,3,4
1,1,13,5
1,1,19,5
1,1,16,5
5,5,10,5
3,3,19,5
1,0,4,2
4,4,96,5
0,0,35,5
0,0,5,3
2,1,6,4
7,1,15,4
0,0,19,5
5,1,29,3
0,0,1,3
2,2,53,5
2,2,72,5
0,0,1,3
2,2,76,5
2,2,30,5
5,5,57,5
1,0,4,3
1,0,23,2
1,1,20,4
5,0,76,4
2,0,2,1
0,0,2,1
2,1,15,5
11,0,109,1
0,0,6,3
2,1,19,5
5,1,19,4
4,3,17,5
2,2,4,5
1,0,10,2
3,1,47,3
2,2,18,5
0,0,19,1
2,0,34,2
1,1,24,4
3,3,53,5
3,2,25,5
2,2,82,5
2,2,20,5
0,0,2,2
6,2,72,4
2,0,71,3
0,0,24,5
1,1,5,5
4,2,37,2
12,2,138,4
0,0,2,5
0,0,27,5
1,1,24,5
3,3,60,5
0,0,11,5
1,1,8,5
6,5,90,5
1,1,49,5
1,1,16,5
0,0,11,5
5,5,35,5
11,1,159,3
1,1,29,5
1,1,13,5
3,3,51,5
4,1,42,5
2,2,6,5
6,1,17,1
2,0,14,3
5,0,37,1
1,1,38,5
3,3,50,5
0,0,23,5
0,0,4,5
7,1,12,1
1,0,4,3
7,0,86,1
0,0,2,5
4,4,55,5
33,6,308,3
3,3,40,5
8,8,226,5
1,0,13,4
7,1,98,4
1,1,25,5
11,1,93,1
1,0,10,5
0,0,29,5
1,1,13,5
0,0,6,3
1,0,31,3
3,0,48,2
0,0,5,1
2,2,67,5
0,0,2,5
1,0,12,1
0,0,18,5
1,1,21,5
6,4,12,5
0,0,3,5
1,0,43,1
3,0,47,3
4,1,8,5
6,0,76,1
0,0,11,5
6,6,41,5
6,1,53,4
6,6,124,5
2,0,16,2
2,0,49,4
1,0,28,3
3,0,71,2
0,0,11,5
1,0,11,5
0,0,14,5
1,1,25,5
6,0,111,3
3,3,40,5
8,7,244,5
2,0,12,2
6,6,142,5
1,1,44,5
3,2,33,5
6,1,54,2
4,4,16,5
5,5,60,5
1,1,7,5
0,0,2,5
2,0,30,1
6,1,102,1
0,0,3,5
2,0,30,2
2,2,7,5
11,1,127,4
2,0,21,4
7,5,24,5
0,0,20,5
1,0,2,3
2,0,16,4
3,3,55,5
1,1,2,5
0,0,0,1
1,1,18,5
1,1,12,5
1,1,18,5
0,0,6,5
27,3,396,3
0,0,4,4
7,0,46,1
2,2,20,5
0,0,12,5
2,1,27,3
1,0,36,1
1,1,1,5
3,0,20,3
2,2,51,5
0,0,4,3
1,0,64,3
0,0,27,5
3,0,26,4
3,0,25,1
0,0,5,5
0,0,5,5
3,0,48,2
0,0,2,4
1,1,33,5
16,3,199,3
2,2,35,5
3,0,19,3
0,0,12,3
2,2,8,5
1,1,40,5
0,0,1,4
0,0,25,2
1,1,4,5
2,0,17,4
1,1,28,5
7,3,53,2
3,3,31,5
3,3,83,5
3,1,26,5
0,0,2,1
1,1,12,5
3,3,76,5
3,0,7,3
0,0,3,5
1,0,27,1
2,2,38,5
3,3,37,5
4,0,11,5
0,0,21,5
0,0,3,5
2,0,16,1
2,0,42,1
2,2,33,5
8,1,107,1
5,1,49,2
2,0,8,1
0,0,14,5
1,1,7,5
3,0,10,4
1,0,10,5
0,0,1,5
2,2,6,4
0,0,18,5
7,7,243,5
0,0,3,1
1,1,7,5
2,2,77,5
14,13,238,5
4,0,15,2
1,0,12,2
3,3,41,5
5,1,16,3
9,9,184,5
0,0,4,2
2,0,6,1
2,2,27,5
3,3,63,5
0,0,10,5
1,1,30,5
2,0,16,3
1,0,16,1
0,0,2,4
0,0,8,5
5,0,12,2
10,1,48,2
0,0,7,5
0,0,1,5
5,0,58,4
5,5,53,5
2,0,11,2
0,0,9,5
1,1,42,5
0,0,0,1
3,3,5,5
4,1,23,4
0,0,5,4
3,2,26,5
0,0,8,5
7,0,99,1
4,2,77,4
0,0,30,5
1,0,8,4
9,0,40,3
6,0,56,1
4,0,47,1
0,0,2,5
3,3,86,5
0,0,18,3
2,0,11,2
13,1,305,4
11,2,86,3
4,1,31,4
2,0,13,4
2,0,6,2
0,0,2,4
0,0,8,5
0,0,2,1
2,2,15,5
1,1,1,5
0,0,7,5
3,1,41,2
2,0,24,2
0,0,32,5
2,2,13,5
0,0,0,5
2,0,11,1
0,0,4,2
0,0,0,3
1,0,34,1
1,0,3,4
2,0,17,1
1,1,43,5
0,0,23,3
0,0,5,5
5,2,11,5
0,0,2,5
0,0,8,5
0,0,0,5
5,2,24,3
0,0,13,5
4,0,58,3
0,0,2,5
6,1,28,4
3,3,35,5
2,0,6,1
0,0,25,4
5,0,52,3
0,0,2,1
4,0,17,1
1,0,17,4
0,0,13,4
2,2,27,5
12,0,102,1
2,2,24,5
3,1,19,4
0,0,0,5
0,0,3,5
0,0,37,5
0,0,8,5
0,0,4,1
10,0,116,2
0,0,3,2
0,0,8,5
1,0,19,4
7,1,88,4
1,1,10,4
0,0,10,4
1,1,109,5
1,0,17,1
1,0,10,2
2,0,36,3
51,0,44,2
0,0,9,5
2,1,20,2
4,0,54,2
0,0,1,1
15,2,142,3
0,0,26,5
0,0,21,5
1,1,20,5
2,2,16,5
0,0,3,5
0,0,2,4
0,0,0,3
0,0,11,2
6,0,26,1
2,0,12,1
4,0,11,2
0,0,20,2
0,0,4,3
3,3,53,5
5,5,27,5
1,0,9,1
1,0,19,2
8,0,57,3
3,1,18,4
14,0,72,2
2,0,12,3
2,0,46,1
0,0,26,2
4,2,16,5
5,0,16,4
22,2,288,1
0,0,5,3
1,1,11,5
12,2,81,2
0,0,3,5
13,1,88,3
0,0,13,4
7,2,36,3
0,0,1,5
5,2,38,5
1,0,12,2
1,1,11,5
1,0,12,5
1,1,13,5
0,0,2,1
3,0,10,4
19,3,29,4
0,0,16,5
1,1,2,5
0,0,15,1
0,0,19,5
2,0,18,2
6,1,17,4
0,0,5,5
0,0,2,5
0,0,10,5
3,0,88,2
4,4,77,5
0,0,0,5
1,1,31,5
6,3,48,5
0,0,1,5
0,0,2,5
3,0,5,3
2,2,6,5
2,2,48,5
12,1,22,3
1,0,7,3
4,0,89,2
0,0,3,3
0,0,1,3
0,0,0,5
1,1,15,3
4,0,33,1
0,0,12,5
5,0,58,1
9,0,100,2
1,0,20,1
0,0,15,5
2,2,10,5
7,0,34,1
7,0,40,2
1,1,1,5
0,0,1,3
0,0,16,5
1,0,7,4
0,0,0,3
1,0,22,5
0,0,0,5
0,0,7,4
5,1,39,2
0,0,6,5
3,0,25,1
4,1,46,4
1,1,78,5
2,0,6,5
2,2,44,5
0,0,8,3
1,0,40,2
0,0,5,1
2,0,8,1
0,0,7,1
2,0,11,1
1,1,13,5
1,0,55,1
4,4,115,5
4,2,24,4
0,0,8,5
0,0,2,1
2,0,11,2
4,1,9,4
3,1,91,5
2,2,16,5
5,1,53,2
1,1,73,5
6,1,19,1
1,0,11,2
2,2,77,5
1,1,19,5
2,2,20,5
1,0,18,2
2,2,33,5
4,1,36,4
2,0,33,3
0,0,1,5
0,0,12,1
2,2,104,5
1,0,40,1
4,4,8,5
1,0,15,5
0,0,10,5
2,1,27,5
4,1,21,4
5,0,79,1
5,5,27,5
0,0,5,5
2,2,94,5
0,0,6,5
1,1,22,5
1,1,24,5
6,0,18,1
1,0,9,5
1,0,15,2
2,2,56,5
1,0,16,4
3,1,48,1
0,0,1,1
0,0,7,2
0,0,0,5
4,0,24,1
1,0,4,3
2,2,16,5
4,3,47,5
4,3,35,5
6,0,57,1
1,0,6,1
0,0,0,5
2,2,32,5
1,0,17,1
3,0,21,2
1,0,1,2
4,0,21,4
1,1,14,5
3,1,24,3
2,1,28,1
4,4,53,5
0,0,36,5
2,2,39,5
9,3,40,4
5,1,38,4
0,0,1,4
3,0,14,5
4,0,11,1
6,0,33,4
4,1,69,4
3,3,9,5
2,0,9,2
2,0,31,1
1,1,18,5
1,0,3,4
0,0,3,5
2,0,18,2
1,1,14,5
0,0,5,5
0,0,35,5
1,0,11,4
4,4,47,5
2,0,8,2
3,0,15,3
4,4,107,5
3,1,17,3
3,0,23,1
0,0,14,5
0,0,3,5
1,0,10,1
1,0,1,2
12,12,145,5
1,0,5,1
1,1,5,5
11,11,166,5
2,2,16,5
7,3,42,3
3,0,30,2
0,0,0,5
1,0,23,4
0,0,2,5
2,0,7,2
1,1,13,5
0,0,8,5
0,0,4,5
0,0,15,5
17,1,229,1
1,1,21,5
0,0,32,5
1,1,7,5
0,0,7,5
0,0,6,5
3,3,66,5
4,0,21,2
1,1,37,5
0,0,4,3
0,0,24,5
0,0,1,5
8,2,13,4
6,1,64,1
0,0,5,5
1,1,35,5
2,1,15,3
0,0,2,5
0,0,0,2
0,0,27,5
6,6,89,5
2,2,1,5
1,1,16,5
0,0,20,4
0,0,8,5
3,0,43,1
2,0,19,1
2,0,20,3
2,0,34,2
0,0,8,4
0,0,4,5
2,1,14,1
4,4,69,5
0,0,49,5
4,1,46,3
1,1,11,5
4,1,34,4
2,0,14,3
2,2,14,5
4,4,61,5
1,0,13,4
0,0,13,5
2,0,19,2
6,3,48,5
0,0,34,5
3,0,36,1
1,1,10,5
5,2,26,2
0,0,2,4
2,1,15,4
1,1,14,5
11,11,242,5
1,0,8,4
0,0,24,3
5,5,143,5
1,1,8,5
1,0,8,2
0,0,3,5
4,4,79,5
3,2,31,5
2,0,11,2
4,4,24,5
3,0,24,2
2,2,79,5
0,0,8,5
2,1,13,3
0,0,47,5
1,1,8,5
8,2,150,3
1,0,12,5
1,1,5,5
4,0,32,3
1,0,3,3
3,1,21,2
1,1,19,5
7,2,16,4
2,1,47,4
1,1,40,5
1,1,20,5
1,0,3,2
1,1,49,5
2,2,12,5
0,0,20,5
2,1,37,2
1,1,11,5
0,0,2,5
1,1,6,1
0,0,6,5
0,0,6,1
3,0,10,1
0,0,0,4
2,2,43,5
2,1,54,5
0,0,1,5
3,1,76,2
1,1,40,3
0,0,2,3
1,1,37,5
0,0,7,5
2,1,12,5
1,0,10,1
1,1,10,5
1,0,6,4
1,1,24,5
0,0,21,5
0,0,9,4
6,4,43,5
0,0,52,5
1,1,17,5
1,0,15,2
1,1,9,5
1,1,5,5
0,0,7,5
2,2,22,5
3,0,20,2
1,1,3,3
0,0,36,5
4,3,19,5
8,1,83,2
0,0,9,5
0,0,4,1
0,0,3,5
2,0,7,1
5,5,110,5
3,1,34,5
0,0,0,4
0,0,16,5
1,0,16,5
2,1,12,4
1,1,14,4
2,0,14,3
0,0,5,2
4,0,38,1
0,0,5,5
0,0,12,5
4,0,11,3
0,0,1,5
2,0,8,3
1,0,16,5
0,0,12,5
2,2,43,5
0,0,1,5
2,2,104,5
3,3,29,5
2,0,12,5
2,0,12,5
0,0,0,3
0,0,1,5
1,0,13,5
6,0,10,3
8,4,77,5
3,3,13,5
0,0,2,4
1,0,3,3
1,0,15,4
0,0,12,5
0,0,1,3
3,0,14,1
3,3,46,5
0,0,6,4
15,0,17,4
2,0,6,3
6,2,34,4
2,0,4,1
0,0,20,5
1,0,45,3
3,0,9,3
2,0,32,4
2,2,14,4
0,0,6,3
3,0,25,4
0,0,3,5
2,1,14,5
10,10,122,5
1,0,21,2
11,0,73,1
1,0,23,1
0,0,16,5
3,3,50,5
4,2,79,5
2,0,14,2
2,2,59,5
1,0,9,3
4,0,17,4
2,0,7,4
0,0,2,4
2,1,22,4
4,4,111,5
0,0,14,5
0,0,2,4
1,1,8,5
3,1,42,2
3,0,69,3
0,0,12,1
1,1,29,5
2,0,19,3
6,0,57,2
0,0,27,1
1,1,4,5
2,1,48,4
0,0,9,5
4,1,53,1
0,0,7,5
1,0,7,1
0,0,12,5
1,0,9,1
3,3,48,5
2,2,6,5
0,0,17,5
0,0,2,2
2,2,50,5
3,0,28,2
0,0,3,2
0,0,3,1
2,0,6,1
0,0,2,4
1,0,17,3
0,0,14,5
1,0,1,1
1,0,1,4
24,0,17,1
1,0,12,5
1,1,7,5
0,0,1,5
0,0,13,5
0,0,34,5
0,0,3,3
2,2,9,4
10,0,67,2
3,1,43,2
5,0,4,5
1,1,45,5
2,2,29,5
1,0,6,4
13,2,146,2
2,0,15,1
4,0,45,1
0,0,16,1
15,1,18,3
3,3,12,5
4,2,69,4
0,0,6,5
3,2,10,5
2,2,3,5
0,0,21,5
7,2,80,2
5,2,33,5
0,0,5,5
1,1,14,5
5,1,12,1
2,0,5,1
0,0,41,5
2,2,16,5
2,2,7,5
6,6,149,5
4,4,35,5
0,0,5,4
8,1,21,5
0,0,34,5
0,0,4,1
0,0,24,5
0,0,14,2
0,0,4,3
0,0,11,5
7,7,247,5
8,1,53,1
3,3,74,5
15,0,76,1
2,0,37,5
3,1,9,4
0,0,2,2
9,0,165,4
5,0,51,1
2,2,142,5
1,0,18,1
0,0,2,2
6,1,91,1
1,0,9,1
1,1,86,5
11,1,128,3
2,2,41,5
3,3,43,5
3,1,41,3
0,0,36,5
0,0,9,1
2,2,50,5
10,8,132,5
0,0,6,2
1,0,3,4
5,0,28,2
0,0,4,1
0,0,8,5
1,0,19,5
0,0,0,5
4,1,92,4
6,0,62,3
0,0,5,3
1,1,43,5
1,0,67,2
2,0,10,2
0,0,0,2
1,0,1,3
1,1,12,5
8,3,23,4
1,0,27,2
0,0,13,5
1,1,12,5
0,0,10,2
1,1,17,5
0,0,2,5
6,1,90,3
3,0,12,4
0,0,17,5
6,6,22,5
0,0,2,1
0,0,2,3
4,0,61,1
4,4,53,5
4,2,10,5
7,3,84,4
3,0,23,1
1,0,15,3
7,3,98,4
0,0,8,5
2,0,13,4
2,0,10,2
3,0,14,4
0,0,4,5
0,0,15,3
6,4,34,5
1,1,8,3
1,0,6,1
11,1,83,3
1,1,8,5
1,0,41,1
9,9,141,5
7,1,68,3
0,0,10,1
6,6,52,5
6,0,37,1
9,1,59,1
1,0,6,3
3,3,31,5
8,1,111,1
2,2,13,5
0,0,9,4
1,0,9,2
0,0,2,5
5,0,20,2
5,0,78,3
2,2,13,5
4,0,5,1
2,2,31,5
0,0,9,5
5,5,60,5
1,0,27,4
0,0,0,5
5,1,38,4
1,0,4,1
1,0,12,4
3,0,22,2
1,1,25,5
1,1,21,3
3,0,45,4
3,3,22,5
0,0,1,5
6,1,29,1
18,0,178,1
10,0,150,4
1,1,13,2
18,0,165,1
1,1,35,5
2,1,5,3
1,1,103,5
0,0,9,3
1,1,25,5
0,0,9,5
2,0,9,1
2,0,30,1
2,0,18,4
0,0,4,5
11,1,54,2
3,0,11,4
2,0,26,1
0,0,1,2
0,0,6,5
0,0,31,1
5,5,73,5
5,0,11,2
0,0,10,5
0,0,1,1
0,0,1,5
10,1,31,3
5,1,149,3
5,0,64,1
0,0,5,5
5,4,20,4
1,0,12,1
0,0,4,5
6,5,167,5
2,1,21,4
3,0,49,4
2,0,4,4
1,0,16,4
0,0,1,5
17,2,133,3
3,0,11,4
2,0,12,1
6,1,21,5
3,1,17,4
2,1,6,4
2,0,52,2
10,2,231,4
0,0,25,5
5,1,61,4
3,0,16,4
1,0,4,2
5,0,27,4
2,2,30,5
1,0,30,3
3,3,58,5
1,1,8,5
0,0,2,2
1,1,59,5
0,0,5,2
1,1,11,5
3,1,29,5
2,0,14,2
13,2,210,3
1,0,19,4
0,0,18,5
4,0,8,2
4,0,23,5
5,0,86,4
5,0,12,4
1,1,58,5
0,0,3,2
1,1,47,5
0,0,10,5
5,2,29,5
1,0,24,5
1,1,54,5
6,3,19,5
0,0,8,5
2,2,84,5
0,0,6,5
4,4,130,5
6,1,58,2
0,0,1,5
0,0,12,5
0,0,10,5
3,3,46,5
3,3,70,5
2,2,33,5
4,1,56,3
5,5,66,5
1,1,13,5
0,0,13,5
3,1,30,4
1,1,32,5
3,1,46,5
0,0,7,2
1,1,36,5
1,1,36,5
0,0,0,5
5,0,12,2
3,3,60,5
1,1,13,5
2,2,17,5
3,0,82,1
1,0,12,3
0,0,10,4
3,0,59,1
1,1,51,5
0,0,1,5
1,1,1,5
1,0,3,1
3,2,16,5
0,0,18,5
5,0,26,4
6,0,77,1
0,0,40,5
20,16,167,5
0,0,3,5
10,1,115,1
0,0,1,5
0,0,28,5
0,0,15,5
0,0,10,4
2,0,16,3
1,1,9,3
1,1,29,5
2,0,5,2
14,1,50,3
1,1,3,5
4,3,47,5
5,4,52,5
2,0,4,2
3,3,46,5
3,3,66,5
3,0,22,1
1,1,56,5
2,1,17,3
2,0,13,1
0,0,18,5
0,0,3,5
2,1,8,1
4,1,43,3
1,1,10,5
1,1,26,5
5,0,35,2
1,0,7,5
1,0,22,4
11,0,13,5
4,4,66,5
3,1,5,5
1,0,28,4
2,1,24,5
0,0,15,5
0,0,6,2
4,0,46,4
6,1,53,1
0,0,3,5
3,3,223,5
3,0,23,3
4,2,68,4
0,0,7,4
4,2,13,3
1,1,48,5
0,0,0,5
5,5,63,5
0,0,11,3
0,0,1,5
3,0,42,4
5,1,13,5
0,0,3,5
0,0,7,1
6,1,29,3
2,2,60,5
0,0,22,5
0,0,5,4
0,0,54,5
0,0,5,5
2,2,61,5
0,0,0,4
1,1,29,5
2,0,36,1
5,0,85,2
20,2,166,1
8,1,92,3
2,2,37,5
3,0,11,4
6,2,66,2
2,2,4,5
1,1,6,5
3,0,65,4
3,1,74,4
0,0,28,5
0,0,2,5
2,2,17,5
3,1,38,4
5,1,27,4
1,0,11,1
4,4,78,5
5,0,52,4
6,6,77,5
0,0,5,3
3,3,73,5
2,2,17,5
0,0,3,1
0,0,23,5
1,1,11,5
3,0,74,1
0,0,3,5
6,6,51,5
0,0,2,5
1,1,33,5
1,1,3,5
1,1,35,5
1,1,5,2
1,1,56,5
6,5,32,5
3,3,133,5
4,4,107,5
8,2,100,4
0,0,0,5
0,0,1,5
2,2,16,5
5,2,46,4
0,0,14,4
3,0,40,2
2,1,27,5
11,0,67,2
3,3,26,5
6,2,13,3
0,0,7,3
1,0,8,3
1,1,34,5
0,0,12,5
6,0,46,2
0,0,12,5
0,0,1,2
2,0,18,4
1,0,28,4
1,0,20,3
3,0,11,2
4,4,40,5
3,0,28,2
3,0,18,3
0,0,6,5
0,0,5,5
3,3,7,5
2,2,25,4
2,0,16,4
1,0,14,2
2,2,35,5
2,1,45,5
4,3,90,5
1,1,6,5
8,0,9,1
5,0,32,2
2,2,32,5
4,1,32,4
5,5,16,5
0,0,10,5
4,4,81,5
1,1,25,5
6,0,15,3
0,0,1,1
2,1,43,4
0,0,0,5
1,1,26,5
0,0,1,4
0,0,2,5
0,0,1,4
11,3,127,4
2,0,27,3
1,0,5,3
3,1,10,4
4,1,42,3
3,0,11,2
3,0,53,2
0,0,34,5
0,0,6,4
0,0,21,2
0,0,3,4
22,4,287,1
7,1,113,2
0,0,24,4
2,0,6,1
1,1,7,5
0,0,14,5
0,0,0,5
0,0,4,5
12,6,55,5
3,0,7,4
4,0,20,4
0,0,2,4
0,0,1,5
1,0,1,2
2,2,41,5
0,0,6,5
8,1,82,3
3,3,10,5
3,0,14,2
1,1,30,5
0,0,24,3
0,0,22,3
1,0,4,4
4,4,58,5
0,0,6,5
0,0,0,5
1,1,11,2
0,0,3,4
5,0,85,1
2,2,41,5
6,1,64,2
0,0,14,1
5,1,57,3
2,1,7,3
6,6,52,5
0,0,5,5
3,0,54,3
0,0,0,3
1,0,4,2
0,0,41,5
1,0,18,1
6,5,51,5
1,1,9,5
0,0,0,4
8,0,63,4
0,0,1,3
1,0,12,2
0,0,31,5
1,1,36,5
1,1,22,4
1,1,17,5
0,0,2,5
3,0,55,4
2,0,34,3
4,1,12,5
5,0,58,2
5,0,52,2
4,0,50,3
0,0,11,5
5,2,17,3
0,0,19,3
0,0,26,5
0,0,5,1
0,0,24,4
1,1,10,5
0,0,4,2
0,0,2,5
2,0,11,4
3,1,11,5
5,2,60,3
6,6,55,5
1,0,7,4
4,0,8,4
0,0,3,5
1,0,20,4
2,0,5,3
2,0,10,3
4,0,34,2
1,1,9,5
1,0,17,5
1,1,10,5
4,1,18,2
2,2,33,5
1,0,9,4
8,8,37,5
3,0,25,3
0,0,4,5
1,0,20,2
8,1,72,1
1,1,16,5
2,0,13,3
3,0,32,1
1,1,13,5
0,0,1,3
3,0,14,2
0,0,0,5
1,1,9,5
0,0,2,2
0,0,2,4
4,0,75,3
0,0,7,5
1,1,35,5
0,0,2,5
0,0,14,5
2,0,6,1
1,1,6,5
1,1,13,4
0,0,11,5
1,0,14,3
6,0,53,3
1,1,29,5
1,1,23,5
1,0,30,1
0,0,5,4
9,9,199,5
1,0,17,5
0,0,25,5
5,1,76,3
3,2,63,4
0,0,4,5
1,1,11,3
1,0,6,1
5,0,58,1
4,0,39,4
1,1,20,5
4,0,14,1
0,0,1,1
2,2,22,5
18,3,161,4
1,1,20,5
0,0,20,5
0,0,11,5
4,4,11,5
1,0,5,2
0,0,3,5
0,0,19,5
0,0,2,5
1,0,8,2
0,0,11,4
0,0,0,5
2,2,23,5
4,1,55,1
22,12,106,5
2,0,24,3
0,0,2,5
1,1,42,5
5,0,75,1
0,0,1,5
2,1,14,4
0,0,1,5
0,0,12,5
3,1,95,1
1,1,32,5
5,2,83,4
2,2,14,5
1,0,7,4
0,0,2,1
17,2,249,4
0,0,14,4
2,2,158,5
2,1,4,4
2,1,17,4
4,0,42,2
1,0,22,2
12,1,107,4
0,0,3,2
0,0,2,5
1,0,17,3
5,0,109,2
0,0,6,1
3,3,17,5
4,3,13,5
3,1,11,4
1,1,27,5
1,1,57,5
6,1,22,2
0,0,11,5
5,0,55,4
1,0,30,1
0,0,4,2
9,2,154,1
10,3,131,4
1,0,13,2
4,0,38,3
4,0,15,5
1,1,15,4
3,0,36,3
7,0,36,1
4,4,102,5
0,0,7,5
20,3,228,2
6,6,73,5
7,1,51,3
0,0,1,5
0,0,10,5
12,2,8,3
1,0,6,1
6,1,62,3
0,0,2,1
1,1,20,5
1,0,4,2
0,0,48,5
3,0,45,2
1,0,6,3
2,0,15,1
0,0,7,5
1,0,3,3
3,0,48,1
1,1,6,5
2,0,8,1
0,0,9,5
5,0,73,3
4,1,54,4
3,3,125,5
1,0,27,2
16,2,116,3
6,1,64,4
4,0,15,2
0,0,23,5
0,0,6,5
3,2,64,5
1,1,27,5
17,0,13,2
1,0,37,3
2,2,10,5
4,1,57,2
4,2,65,2
5,0,11,1
1,1,33,5
0,0,0,5
1,1,9,5
9,0,83,1
7,0,91,1
1,1,72,5
9,0,33,1
2,2,15,5
1,1,12,2
3,3,89,5
4,4,17,5
4,4,7,5
11,2,24,5
0,0,2,5
0,0,30,5
0,0,4,2
1,0,6,1
1,0,39,5
5,5,128,5
3,0,46,1
1,0,13,1
0,0,4,5
4,3,24,5
1,0,14,4
3,3,33,5
4,0,26,3
8,2,50,3
4,2,45,5
0,0,9,5
1,1,19,4
1,0,5,1
1,1,12,5
0,0,5,5
3,2,58,3
1,0,13,4
6,6,160,5
4,0,28,2
1,1,51,5
2,0,31,2
3,2,82,5
3,2,43,5
1,1,25,5
2,2,67,5
0,0,1,5
1,1,31,5
2,0,6,2
3,3,50,5
2,2,18,5
13,1,107,2
8,1,46,2
2,2,90,5
5,5,16,5
5,1,41,3
1,0,2,4
12,9,102,5
0,0,1,2
5,2,22,3
4,1,14,4
1,1,28,5
4,0,27,4
10,0,66,2
4,4,46,5
6,2,39,4
0,0,4,1
5,0,10,4
16,16,537,5
3,3,29,5
0,0,19,1
9,1,8,3
2,0,35,4
0,0,13,5
0,0,8,1
4,3,55,5
0,0,1,2
0,0,7,1
0,0,4,5
2,1,16,4
0,0,10,2
2,1,16,4
2,0,23,1
0,0,31,5
0,0,3,5
0,0,15,3
2,0,44,1
3,3,15,5
2,1,9,4
0,0,0,5
0,0,10,5
4,0,10,2
2,1,42,3
2,2,20,5
0,0,5,4
0,0,2,5
2,0,9,5
1,0,25,1
4,2,16,4
1,1,14,5
1,1,51,5
1,0,4,1
2,1,14,3
6,5,61,5
0,0,8,5
0,0,4,5
2,0,12,1
0,0,0,4
1,1,122,5
1,1,15,5
1,0,7,1
2,2,124,5
0,0,0,2
1,1,35,5
5,5,37,5
5,2,33,5
1,1,8,4
1,1,5,5
2,0,11,4
5,5,36,5
13,1,160,1
0,0,4,4
9,9,251,5
2,0,38,2
1,0,25,2
2,0,21,4
4,0,31,4
7,1,56,2
0,0,24,5
6,1,21,4
5,0,15,1
4,0,50,4
0,0,5,2
3,1,90,1
0,0,2,5
0,0,4,4
0,0,6,4
27,27,601,5
0,0,0,4
0,0,18,5
5,0,11,1
0,0,26,5
1,1,14,5
0,0,3,5
1,0,17,4
1,0,10,1
11,2,92,3
3,0,9,5
1,1,18,5
6,0,24,1
2,2,20,5
0,0,2,4
7,0,16,2
1,0,81,2
4,0,21,4
1,0,21,3
5,2,39,3
10,0,119,2
1,0,11,4
1,0,31,2
3,1,36,4
1,0,12,3
7,7,43,5
1,0,5,2
5,5,98,5
19,1,190,1
5,0,16,3
1,0,55,2
0,0,1,3
0,0,9,5
0,0,0,3
4,1,14,1
7,7,44,5
1,1,44,5
2,0,40,1
4,0,3,3
0,0,0,2
8,1,62,1
4,1,63,4
0,0,2,4
1,0,11,5
4,0,45,2
2,2,21,5
2,2,22,5
1,0,14,1
2,2,20,5
2,1,30,2
1,1,15,5
0,0,2,5
4,0,61,1
8,2,66,4
2,2,128,5
1,1,22,5
0,0,5,1
3,0,13,1
1,1,10,5
0,0,0,1
7,7,37,5
0,0,9,5
0,0,59,5
1,0,18,5
1,1,15,5
8,1,135,2
3,3,88,5
8,0,89,2
4,0,41,2
7,0,10,4
3,0,15,1
8,2,76,4
1,0,10,3
2,0,39,4
4,4,69,5
3,1,13,4
10,2,105,1
3,0,6,3
0,0,2,5
4,1,81,3
0,0,0,2
2,1,15,3
1,0,10,3
0,0,1,5
0,0,44,5
2,1,54,2
40,2,643,1
10,2,79,4
4,1,11,4
0,0,1,4
1,0,6,1
1,1,16,5
1,1,20,5
0,0,25,1
1,0,30,2
2,0,108,2
0,0,4,5
3,0,19,2
4,2,25,5
3,1,35,2
0,0,12,2
0,0,21,3
0,0,2,4
2,0,14,2
0,0,1,5
1,0,8,1
4,4,73,5
1,0,5,1
7,3,119,4
5,2,88,5
6,0,31,1
0,0,23,5
4,4,62,5
1,1,16,5
3,2,11,5
3,0,15,1
5,0,47,4
0,0,12,5
0,0,33,5
0,0,14,5
3,3,31,5
11,1,102,3
0,0,1,5
0,0,41,5
2,0,4,2
0,0,0,1
25,1,97,1
1,0,10,4
3,0,29,2
2,1,27,3
10,10,249,5
1,1,25,5
1,0,19,4
5,1,7,3
0,0,3,1
1,1,8,5
4,1,59,3
2,2,12,5
0,0,0,1
2,2,16,5
6,0,75,2
1,1,11,5
1,1,10,5
1,0,12,4
5,4,17,5
3,0,44,4
3,3,85,5
0,0,26,5
2,2,11,5
1,1,1,5
0,0,26,5
8,0,95,1
1,1,36,5
9,2,59,2
10,3,61,4
6,0,54,3
9,2,81,4
5,0,60,2
0,0,2,1
0,0,11,5
0,0,5,1
0,0,8,5
0,0,10,4
2,0,15,1
3,0,52,3
3,0,21,2
2,2,21,4
3,3,32,5
2,0,25,3
2,0,18,2
8,0,61,4
1,0,23,3
3,1,36,1
0,0,7,5
0,0,14,4
0,0,1,5
1,1,30,5
2,2,21,5
13,2,125,1
5,3,12,5
0,0,7,4
0,0,12,5
1,1,3,4
1,0,9,2
3,0,46,4
3,3,21,5
3,3,27,5
3,1,10,5
24,0,22,1
0,0,0,2
1,0,4,1
12,0,12,5
6,0,44,3
6,1,63,4
4,2,32,5
0,0,8,2
0,0,11,5
3,0,34,4
0,0,7,5
0,0,18,1
4,0,27,2
0,0,1,1
0,0,0,4
2,2,45,5
0,0,41,1
1,0,21,2
6,0,74,4
0,0,29,4
3,0,13,2
6,2,87,4
2,2,82,5
14,2,143,3
2,0,17,2
1,1,21,5
0,0,15,4
0,0,12,4
8,0,163,2
6,1,17,3
4,4,44,5
0,0,10,5
1,1,11,5
4,0,18,1
1,1,12,5
1,1,8,5
1,1,7,5
3,0,47,2
2,2,15,4
2,0,29,1
1,1,13,5
8,1,49,4
1,0,28,4
4,0,52,2
3,0,18,1
3,1,57,3
4,2,13,3
4,2,31,5
2,1,11,3
1,1,9,5
2,2,39,5
0,0,18,5
0,0,8,4
4,3,41,5
1,0,14,4
4,3,53,5
6,1,18,4
2,0,14,2
0,0,15,5
0,0,21,4
1,1,10,5
0,0,1,2
9,9,238,5
0,0,14,2
0,0,11,4
0,0,0,5
0,0,1,5
0,0,1,1
1,1,6,5
13,0,20,2
1,1,16,2
0,0,30,5
5,0,20,1
5,0,69,1
8,0,61,4
0,0,0,3
9,9,190,5
1,0,16,3
4,0,40,2
9,1,69,4
1,1,4,5
2,1,12,3
2,1,20,5
0,0,9,5
2,0,22,1
1,0,66,5
3,0,39,4
4,4,118,5
5,0,22,1
0,0,24,5
9,1,112,4
2,0,33,5
7,2,47,2
3,0,15,1
0,0,7,5
0,0,0,4
4,4,25,5
1,1,3,5
2,2,6,5
3,1,10,1
0,0,20,3
0,0,3,4
2,2,21,5
1,0,12,3
0,0,6,5
0,0,1,2
0,0,10,5
1,1,16,4
0,0,11,5
1,0,6,2
2,2,53,5
0,0,1,2
0,0,10,4
1,1,9,5
1,1,4,5
3,3,32,5
4,0,28,2
0,0,1,3
4,0,25,4
1,1,2,5
3,3,19,5
2,0,36,1
3,3,35,5
3,0,60,3
4,0,17,4
2,0,14,5
3,0,50,4
5,1,64,4
1,1,2,5
2,2,89,5
2,0,24,1
1,1,85,5
2,2,33,5
6,3,91,4
8,0,78,2
1,0,5,1
1,0,26,4
0,0,21,5
5,1,45,4
3,1,11,3
1,1,32,5
0,0,21,2
4,0,34,1
0,0,0,5
4,4,59,5
2,2,13,5
1,0,14,1
6,0,99,4
4,4,70,5
0,0,19,5
6,1,20,5
0,0,79,5
2,1,14,3
3,0,49,2
0,0,0,5
0,0,9,5
0,0,1,4
2,2,5,5
1,0,7,4
5,2,73,3
0,0,0,2
1,0,5,2
1,0,23,5
3,3,37,5
2,2,24,5
0,0,14,5
0,0,0,2
1,0,7,2
1,0,4,1
0,0,3,3
4,0,29,2
5,2,36,4
1,0,5,2
3,0,43,4
6,6,47,5
0,0,1,4
3,3,27,5
4,4,75,5
2,0,14,4
6,1,97,4
3,0,31,1
0,0,17,5
1,1,72,5
0,0,0,5
0,0,8,5
0,0,6,1
4,4,47,5
1,0,5,2
9,3,131,4
4,4,53,5
3,3,77,5
1,0,12,2
0,0,10,3
0,0,1,1
2,0,37,2
0,0,32,5
0,0,0,5
0,0,12,3
17,1,19,4
0,0,36,5
7,0,11,5
0,0,9,5
0,0,7,5
1,0,13,3
2,1,9,4
3,1,30,4
3,1,11,5
2,0,5,1
0,0,2,5
1,1,37,4
0,0,13,5
0,0,24,5
1,0,3,2
1,1,5,1
0,0,0,1
1,1,16,5
3,0,31,2
42,1,542,1
2,2,13,5
4,1,39,2
2,1,93,2
0,0,3,5
1,0,15,2
4,4,65,5
1,1,1,5
3,0,60,1
0,0,13,1
0,0,13,5
1,1,31,5
0,0,47,5
1,0,8,3
3,3,15,5
6,3,39,5
3,0,18,3
0,0,4,5
0,0,1,5
3,1,13,1
3,0,123,3
0,0,1,4
12,2,79,1
7,0,56,3
2,0,55,2
8,0,108,2
0,0,6,4
0,0,3,3
0,0,3,4
5,1,61,4
2,0,13,1
1,0,22,4
11,0,69,1
10,1,6,5
6,1,48,1
5,0,88,1
1,1,17,5
0,0,11,5
8,0,78,4
1,1,55,5
11,1,114,4
0,0,27,5
0,0,14,5
4,0,16,3
0,0,10,5
1,1,12,5
0,0,1,1
0,0,8,5
5,0,35,2
6,6,45,5
3,3,71,5
0,0,0,5
0,0,5,1
9,9,174,5
3,0,25,4
3,3,59,5
0,0,21,2
6,6,79,5
0,0,11,5
2,1,39,3
1,1,9,5
1,0,30,3
37,6,526,4
1,1,3,5
1,1,10,5
0,0,7,3
0,0,9,5
1,1,120,5
4,0,28,4
0,0,3,5
3,3,16,5
3,3,106,5
2,0,17,3
0,0,3,2
4,0,25,2
8,1,78,1
7,1,85,1
5,1,21,4
1,1,32,5
4,0,51,2
3,3,23,5
6,0,98,1
0,0,16,5
1,1,15,5
0,0,1,2
2,2,8,5
2,1,26,1
0,0,28,5
1,1,21,4
3,2,29,5
8,0,97,1
1,0,1,4
1,0,13,3
15,4,154,4
1,1,4,5
0,0,11,5
0,0,18,5
6,0,49,4
1,1,9,5
9,2,80,4
1,1,26,5
2,0,20,2
4,1,13,4
0,0,11,5
0,0,13,4
1,1,28,5
3,0,41,3
1,0,3,4
4,4,54,5
1,0,8,3
2,2,29,5
2,2,6,5
1,1,71,5
6,0,65,1
2,2,4,5
0,0,3,5
4,2,55,4
0,0,22,5
0,0,0,5
8,1,37,3
8,0,59,1
0,0,16,5
2,0,7,2
0,0,0,5
5,0,18,4
2,2,74,5
0,0,16,5
1,0,8,4
2,2,54,5
6,0,17,1
2,1,34,5
4,4,19,5
2,0,21,4
3,3,29,5
0,0,5,5
0,0,2,5
1,0,27,4
13,0,161,2
5,0,89,2
4,4,8,5
1,0,28,1
2,0,33,4
1,1,18,5
3,0,31,3
2,1,6,1
2,0,9,2
4,1,28,2
5,4,20,5
2,1,8,5
0,0,2,5
4,4,26,5
8,8,171,5
0,0,10,1
1,1,61,5
3,0,68,2
7,4,65,4
0,0,0,1
3,0,60,2
1,0,12,4
0,0,1,2
1,1,82,5
7,7,110,5
2,2,33,5
0,0,2,4
0,0,13,5
0,0,3,1
0,0,7,1
1,0,22,1
3,3,47,5
0,0,4,5
5,0,33,1
3,3,47,5
2,2,42,5
3,0,21,2
1,1,32,5
1,1,11,5
2,2,63,5
5,5,103,5
0,0,2,1
2,0,64,3
0,0,32,5
3,1,15,4
0,0,5,2
1,1,33,5
10,10,221,5
0,0,0,4
2,1,28,2
1,1,22,5
3,0,38,1
3,0,12,5
0,0,1,5
3,1,43,2
5,2,48,4
0,0,0,5
0,0,11,1
3,2,12,5
6,1,31,3
1,0,7,4
0,0,0,5
0,0,4,5
0,0,14,5
5,0,11,2
0,0,13,5
4,0,43,1
2,1,23,4
2,2,23,5
2,0,31,1
2,2,30,5
1,1,11,5
0,0,4,5
0,0,2,1
9,0,26,4
8,8,126,5
2,2,32,5
0,0,1,2
1,0,9,3
0,0,9,5
4,4,36,5
0,0,11,5
7,1,59,1
2,1,8,4
6,0,53,4
0,0,2,1
1,0,5,1
0,0,52,5
4,4,106,5
6,6,247,5
2,0,33,4
16,1,137,4
8,8,283,5
0,0,0,5
0,0,1,4
1,1,24,5
1,0,20,3
12,0,39,1
5,0,11,1
0,0,1,1
6,2,51,3
3,3,70,5
15,4,64,3
5,0,41,1
0,0,6,4
2,2,33,5
0,0,10,5
1,1,11,5
0,0,4,5
0,0,2,3
0,0,5,5
2,2,41,5
1,1,21,5
4,0,21,1
0,0,3,2
1,0,18,3
0,0,0,2
1,1,31,5
0,0,11,5
0,0,0,5
1,0,31,4
0,0,2,3
1,1,8,5
2,0,69,2
0,0,5,3
3,2,65,4
3,1,28,3
2,2,78,5
4,2,26,4
3,3,48,5
1,1,42,5
1,1,4,5
1,1,35,5
3,1,6,2
1,0,3,3
3,1,27,3
1,0,15,3
6,1,9,5
2,0,34,1
5,0,42,1
6,0,44,3
1,0,33,4
5,5,81,5
2,2,113,5
0,0,8,5
1,0,11,1
1,1,6,5
1,1,22,5
2,2,77,5
6,3,87,4
2,2,12,5
3,3,58,5
8,8,230,5
1,1,30,5
1,0,7,2
2,2,12,5
9,9,184,5
0,0,0,4
0,0,4,2
0,0,25,5
2,2,10,5
3,1,69,3
6,5,145,5
1,1,10,5
1,1,30,5
5,1,25,4
1,0,15,4
0,0,2,1
2,0,6,2
1,1,21,5
1,0,17,1
1,1,13,5
2,0,12,1
0,0,11,1
2,0,56,1
1,1,37,5
0,0,15,5
0,0,6,5
1,0,4,1
1,1,8,5
1,1,16,5
1,1,7,5
0,0,9,4
3,0,25,1
0,0,8,5
5,0,38,2
2,1,19,2
9,9,167,5
0,0,22,5
0,0,17,3
0,0,2,5
6,1,76,4
1,0,20,2
3,1,7,3
3,3,9,5
0,0,20,1
0,0,5,2
0,0,0,1
5,1,20,4
8,0,136,4
5,0,33,1
6,2,51,4
0,0,3,5
6,0,31,1
0,0,5,4
1,1,13,5
1,1,6,4
1,0,21,2
0,0,79,5
1,1,15,5
10,3,69,4
1,0,13,3
5,0,11,1
0,0,85,5
0,0,8,5
2,2,55,5
0,0,17,5
0,0,37,5
0,0,9,5
0,0,17,5
1,1,18,5
0,0,5,3
5,5,110,5
4,4,146,5
2,2,44,5
0,0,0,4
6,0,57,3
0,0,34,5
4,2,23,4
3,3,20,5
0,0,2,2
0,0,5,5
2,2,9,5
3,3,17,5
0,0,2,5
3,0,42,3
1,1,33,5
1,0,3,4
3,3,66,5
3,3,38,5
4,0,9,5
0,0,2,5
2,1,63,5
4,1,12,3
1,1,15,5
0,0,1,2
4,2,15,5
1,0,2,3
1,0,8,4
6,6,86,5
2,1,8,4
0,0,11,5
0,0,14,2
1,1,16,5
3,3,66,5
1,1,8,5
0,0,0,2
1,1,28,5
3,1,16,2
10,1,188,2
2,0,34,4
2,2,29,5
4,1,42,4
4,1,11,2
2,2,31,5
0,0,2,5
1,0,9,1
3,0,12,3
0,0,5,1
4,0,65,4
1,0,6,2
0,0,4,1
0,0,32,1
2,0,37,3
0,0,2,5
0,0,10,1
3,1,11,4
1,0,7,4
3,0,5,2
1,0,17,1
0,0,2,5
0,0,2,2
0,0,6,3
0,0,0,5
0,0,24,5
2,1,9,3
2,2,11,5
1,1,11,5
0,0,10,2
0,0,21,5
3,3,10,5
6,1,29,4
3,3,44,5
2,1,24,3
5,0,15,1
0,0,25,5
0,0,14,5
12,1,42,4
0,0,16,5
4,0,32,2
3,0,13,1
0,0,1,1
3,2,58,4
0,0,4,5
0,0,14,1
0,0,2,5
0,0,3,5
1,1,9,5
0,0,1,5
3,2,22,2
0,0,1,5
0,0,10,5
14,1,296,3
3,3,9,5
3,1,9,3
4,0,43,2
1,0,3,1
0,0,0,2
4,0,11,1
0,0,0,5
3,3,9,5
0,0,0,5
0,0,1,5
3,3,65,5
1,1,26,5
4,4,39,5
5,2,13,5
2,0,12,1
0,0,4,2
0,0,1,5
4,0,44,1
0,0,4,1
3,3,67,5
28,1,184,1
0,0,1,5
1,0,11,2
10,1,36,1
5,0,30,2
2,0,19,3
2,2,6,5
0,0,10,5
0,0,11,1
0,0,0,2
1,1,2,5
10,10,187,5
9,0,88,1
0,0,2,5
2,1,33,4
0,0,7,5
4,4,165,5
3,3,84,5
3,1,19,2
5,2,49,2
0,0,1,5
0,0,0,5
3,3,17,5
2,0,16,1
2,0,15,1
9,1,11,1
9,0,11,2
2,2,33,5
1,0,8,5
0,0,7,1
0,0,6,5
7,0,11,1
0,0,1,2
0,0,1,3
12,0,144,2
2,2,35,5
0,0,2,5
0,0,13,5
3,3,26,5
6,0,96,2
2,1,10,3
3,3,57,5
2,2,20,5
0,0,3,5
6,1,84,2
2,2,23,5
2,0,40,1
3,3,111,5
0,0,5,1
0,0,4,1
6,2,59,2
1,0,9,1
1,1,15,5
1,0,15,1
2,0,10,4
0,0,2,4
4,4,215,5
14,0,17,4
2,2,33,5
2,1,7,3
2,0,17,1
5,5,101,5
1,0,7,1
3,3,40,5
2,1,17,2
0,0,14,4
2,0,19,4
0,0,13,1
0,0,2,2
0,0,9,2
5,0,14,3
2,2,74,5
4,0,41,4
0,0,2,2
2,2,17,5
1,1,10,5
0,0,8,5
1,1,26,5
2,2,73,5
3,1,36,2
0,0,11,5
2,0,15,1
0,0,7,5
6,2,164,4
3,0,21,1
3,2,14,5
7,2,106,4
4,4,45,5
1,0,7,2
0,0,7,5
3,0,6,1
6,2,48,5
0,0,10,1
1,1,58,5
3,0,15,4
0,0,3,5
0,0,11,5
4,0,8,5
2,0,15,2
1,1,37,5
9,1,51,3
34,2,598,4
1,1,6,5
0,0,11,5
4,4,34,5
23,6,228,4
1,0,9,1
7,1,97,1
1,1,6,4
1,1,8,4
1,1,13,2
1,0,9,5
1,0,11,3
2,2,52,5
2,2,45,5
0,0,14,5
4,0,16,4
1,1,18,5
0,0,4,5
0,0,2,5
14,1,128,1
0,0,10,5
1,0,42,1
1,0,2,3
4,1,17,3
0,0,7,5
0,0,10,3
2,2,16,5
3,3,29,5
3,0,30,1
1,1,2,5
1,1,8,5
2,1,7,4
1,1,1,5
0,0,4,5
0,0,15,2
0,0,8,1
5,0,41,4
4,3,37,5
0,0,4,5
2,2,69,5
7,1,41,4
9,9,168,5
0,0,2,5
1,0,23,1
1,0,2,3
0,0,40,5
3,3,17,5
0,0,0,1
3,1,9,4
3,0,26,2
0,0,8,5
0,0,45,5
0,0,9,4
0,0,0,4
0,0,7,5
1,1,22,5
0,0,3,2
3,0,58,4
3,3,37,5
1,0,6,2
6,0,19,1
14,14,278,5
0,0,9,1
2,0,16,3
9,0,85,1
1,1,24,5
4,1,52,1
0,0,14,3
3,3,71,5
4,0,24,4
1,0,14,1
1,0,13,2
8,1,13,3
4,0,15,1
2,0,44,3
0,0,3,4
2,2,26,5
1,1,13,5
0,0,3,5
1,0,14,3
1,0,3,4
30,8,459,3
2,0,11,4
1,0,3,2
2,0,29,4
4,4,72,5
1,1,4,5
0,0,0,5
2,0,31,2
0,0,1,1
1,0,2,3
0,0,6,2
6,0,42,1
0,0,3,5
0,0,0,1
8,0,27,1
1,0,19,2
29,29,300,5
1,0,12,1
5,5,61,5
0,0,14,5
1,1,6,4
0,0,5,2
2,1,23,5
0,0,1,5
4,4,57,5
3,1,57,2
8,1,61,2
1,0,10,1
1,1,5,5
0,0,19,5
1,0,6,1
2,0,35,2
7,0,55,4
4,0,20,3
1,0,10,1
0,0,0,5
1,0,9,2
9,0,125,2
0,0,0,5
0,0,10,4
23,1,53,1
3,0,11,4
7,0,131,4
2,2,18,5
4,0,77,2
0,0,3,4
2,2,43,5
4,0,8,4
1,1,12,4
4,2,43,3
3,3,68,5
2,0,33,3
1,0,15,4
1,0,37,4
2,0,32,2
1,0,13,1
1,0,17,2
0,0,0,3
5,3,101,5
0,0,3,2
1,1,56,5
0,0,2,1
1,1,8,5
2,0,22,2
0,0,0,3
2,2,35,5
0,0,1,2
0,0,14,5
11,1,109,2
1,1,22,5
4,0,27,2
4,2,72,5
10,2,151,3
2,1,53,2
3,0,31,3
4,0,14,4
10,2,24,2
4,1,49,1
1,0,8,4
0,0,0,5
1,0,46,3
2,1,39,4
6,1,10,4
3,3,41,5
1,1,8,5
5,3,18,4
4,4,25,5
8,2,36,2
0,0,32,5
4,0,7,2
0,0,20,5
0,0,1,5
12,0,46,4
2,1,10,3
1,0,14,5
4,1,26,4
2,0,23,4
2,0,52,1
0,0,0,5
2,0,51,1
0,0,8,5
1,1,52,5
5,5,77,5
1,0,6,4
3,0,9,1
0,0,6,5
7,1,13,2
2,1,29,5
7,1,73,4
1,1,12,5
4,0,39,1
3,3,45,5
6,0,17,4
0,0,7,3
1,0,27,1
6,3,38,5
8,0,16,3
3,0,20,2
0,0,0,5
1,1,4,5
0,0,2,2
4,0,35,3
0,0,10,5
1,1,42,5
2,1,30,3
2,0,33,4
1,1,46,5
8,0,47,1
0,0,17,5
2,0,17,4
0,0,33,5
0,0,5,4
2,2,40,5
0,0,12,2
2,0,17,1
1,0,5,1
1,1,9,5
0,0,0,5
1,1,23,5
2,2,14,5
0,0,4,4
1,1,29,5
0,0,1,1
2,1,8,4
7,1,11,1
1,1,2,5
5,0,38,4
3,0,17,4
4,0,19,1
18,4,72,3
1,1,10,5
0,0,33,3
0,0,3,5
0,0,8,3
1,0,7,4
0,0,2,5
0,0,13,5
0,0,15,5
7,1,119,2
0,0,22,5
4,2,7,3
0,0,6,5
2,2,84,5
3,3,25,5
28,3,230,2
0,0,11,4
3,1,46,2
4,0,16,1
1,1,55,5
2,2,30,4
3,0,16,3
1,0,19,4
8,3,66,4
0,0,15,5
6,0,47,3
2,0,6,3
0,0,7,5
2,1,11,5
0,0,2,5
0,0,7,5
0,0,0,2
3,1,22,2
3,0,19,2
2,2,17,5
8,7,86,5
1,0,8,1
2,0,5,4
5,0,31,4
0,0,0,4
0,0,2,5
1,1,8,5
0,0,0,4
0,0,2,5
2,2,58,5
2,0,8,2
1,0,12,1
7,2,49,3
0,0,3,5
5,1,31,1
2,2,28,5
1,1,4,5
3,1,9,5
1,1,12,4
0,0,11,1
2,2,38,4
2,2,29,5
1,0,19,3
1,0,28,2
1,0,3,2
3,3,26,5
1,1,31,4
1,1,20,5
1,0,69,1
3,1,30,3
0,0,0,2
1,0,4,2
0,0,6,4
10,10,132,5
3,3,32,5
0,0,3,5
6,0,75,3
2,1,79,5
1,1,14,5
3,2,50,5
0,0,7,4
0,0,6,5
0,0,0,2
8,0,27,2
2,2,240,5
4,0,43,2
5,4,93,5
1,0,13,5
10,0,77,1
4,0,41,4
0,0,14,3
0,0,3,4
1,0,23,3
3,2,14,3
2,1,14,4
1,1,9,5
0,0,0,4
5,5,57,5
2,0,15,2
1,0,19,1
1,0,4,4
0,0,3,2
1,0,17,4
0,0,7,5
2,2,15,5
3,0,4,3
9,2,17,3
2,2,7,5
6,6,33,5
2,2,29,5
4,0,13,2
5,5,53,5
3,1,19,4
0,0,12,5
3,0,25,2
0,0,27,5
1,0,9,4
4,0,24,1
0,0,8,5
3,0,27,1
0,0,2,1
0,0,45,5
4,1,65,4
8,1,137,3
3,3,43,5
0,0,14,5
0,0,7,5
0,0,10,5
3,2,47,3
5,2,43,3
1,0,15,4
1,0,29,4
5,1,20,4
1,0,27,4
1,0,13,4
0,0,20,5
1,0,10,2
9,2,105,3
9,0,70,2
1,1,12,5
1,1,11,5
6,5,25,5
0,0,2,4
18,0,204,1
7,7,43,5
2,0,19,1
4,4,93,5
7,6,42,5
2,2,22,4
5,3,38,5
1,1,2,5
6,1,59,3
2,1,10,3
1,0,7,1
1,0,9,2
1,0,26,2
19,19,284,5
7,7,192,5
0,0,15,5
4,0,23,3
7,7,95,5
1,1,22,5
0,0,4,4
3,3,54,5
4,4,105,5
2,1,23,4
0,0,22,5
1,1,26,5
0,0,9,5
4,1,11,2
8,0,93,1
0,0,2,2
0,0,12,1
4,0,26,3
1,1,4,5
9,1,63,2
4,0,11,3
1,1,13,5
0,0,1,5
1,0,1,1
9,9,75,5
9,0,27,3
3,0,38,2
1,0,13,1
0,0,10,5
1,0,1,4
0,0,1,5
1,0,13,2
0,0,9,5
1,1,13,5
0,0,0,1
1,0,13,1
14,1,4,2
4,4,79,5
1,0,12,4
0,0,8,5
3,3,46,5
5,1,58,2
2,0,6,1
8,3,42,4
0,0,2,5
0,0,16,5
7,3,50,5
0,0,2,5
1,0,19,4
1,1,29,5
2,1,12,5
4,0,25,3
2,2,10,5
2,2,30,5
6,3,72,4
0,0,19,4
2,2,10,5
0,0,7,2
0,0,0,4
4,4,43,5
2,2,27,5
3,1,21,2
1,1,6,3
1,0,8,3
2,0,11,1
0,0,10,5
0,0,15,2
1,1,5,4
2,2,37,5
1,0,2,2
4,0,48,1
7,0,85,1
3,1,15,3
1,1,19,5
0,0,2,3
11,11,145,5
0,0,5,2
1,1,45,5
3,1,56,4
6,5,218,5
2,0,14,1
3,0,13,2
0,0,9,5
0,0,2,4
8,0,102,1
1,0,28,1
3,0,19,2
1,1,6,5
7,3,60,4
1,1,81,5
1,1,24,5
15,15,276,5
7,7,62,5
2,1,38,2
0,0,44,5
1,0,4,4
0,0,5,5
0,0,29,5
3,1,15,4
0,0,10,5
2,2,14,5
6,2,61,4
5,0,59,3
2,1,16,3
2,2,6,5
0,0,8,1
0,0,9,3
1,0,35,1
1,0,14,4
0,0,7,1
0,0,7,2
6,2,70,2
0,0,13,5
0,0,2,5
3,2,24,5
0,0,0,5
0,0,2,5
5,5,148,5
8,0,71,3
0,0,2,5
4,0,28,1
0,0,0,5
3,0,68,2
1,0,2,2
0,0,2,3
4,2,31,4
1,0,21,5
3,3,32,5
6,0,81,2
1,1,24,5
2,1,20,5
6,0,52,2
1,1,22,5
5,1,61,3
3,0,14,1
2,2,6,4
0,0,6,2
1,1,3,5
0,0,9,4
3,0,8,4
2,1,30,4
1,1,20,5
4,2,23,5
1,0,3,3
0,0,0,2
2,1,75,5
3,2,37,5
0,0,9,5
6,1,87,3
2,0,12,4
0,0,11,5
2,0,23,4
0,0,9,5
2,0,15,1
5,1,11,5
2,2,12,5
3,0,35,1
4,0,21,3
0,0,8,1
2,0,12,1
3,1,11,3
1,0,37,1
2,2,87,5
1,0,25,1
2,0,19,2
0,0,2,1
1,1,12,5
1,0,28,1
0,0,11,5
7,0,66,1
1,0,4,1
2,1,42,5
3,1,31,4
7,5,64,5
1,0,24,5
0,0,0,4
3,3,44,5
5,3,113,4
3,2,39,5
4,1,80,2
3,3,9,5
17,4,184,4
4,1,47,3
3,1,10,3
3,0,24,1
1,1,14,5
0,0,13,5
1,1,13,2
0,0,3,2
0,0,27,5
1,0,17,1
5,0,27,4
5,5,85,5
0,0,4,5
1,0,6,4
1,1,10,3
1,0,8,2
4,4,57,5
2,0,21,1
0,0,15,5
1,0,5,2
2,1,6,4
5,0,51,2
2,0,23,1
2,2,13,5
2,0,7,2
0,0,3,3
0,0,11,5
0,0,16,5
0,0,58,5
4,0,34,4
1,1,30,5
3,0,30,1
2,0,11,1
0,0,17,5
1,1,11,5
0,0,34,1
3,0,41,1
0,0,1,5
0,0,14,2
2,2,20,5
3,0,11,5
1,0,2,4
1,0,19,4
1,1,36,5
1,0,2,1
2,1,13,2
0,0,2,3
2,2,13,5
0,0,15,5
6,5,116,5
3,3,26,5
1,1,6,5
0,0,16,5
0,0,50,5
2,2,60,5
2,0,22,1
6,1,126,1
0,0,11,5
7,4,105,5
0,0,0,5
4,2,39,4
1,1,10,5
2,0,77,4
2,1,25,5
2,2,31,5
0,0,16,5
0,0,4,5
1,0,14,2
1,0,9,4
0,0,2,5
2,0,13,4
2,0,31,4
4,0,12,1
3,3,93,5
8,1,56,3
2,0,10,4
0,0,15,5
3,0,11,4
2,0,42,4
2,1,83,4
1,1,61,5
16,2,189,1
2,0,27,2
1,1,12,5
0,0,1,2
2,2,19,5
2,1,36,1
0,0,4,5
1,1,25,5
2,1,16,3
4,0,38,3
3,3,24,5
1,0,10,2
0,0,7,5
3,3,64,5
0,0,2,4
2,2,51,5
1,0,46,4
5,5,78,5
2,1,14,3
3,1,40,4
6,1,97,4
0,0,11,5
1,0,1,2
2,1,10,3
3,0,22,3
2,0,13,2
5,5,47,5
2,1,9,4
1,1,2,5
3,0,8,1
1,1,56,5
0,0,2,5
0,0,1,3
7,7,133,5
7,7,65,5
1,1,67,5
5,2,13,4
4,4,30,5
1,1,8,4
3,3,93,5
0,0,2,3
1,1,54,5
4,0,51,1
1,1,19,5
1,1,8,5
2,0,13,4
0,0,4,5
7,1,75,2
1,0,3,1
0,0,9,4
0,0,5,5
3,2,69,5
4,0,17,4
4,0,46,2
1,0,16,1
12,0,66,2
2,0,34,5
2,0,41,3
19,2,201,2
0,0,15,2
2,0,46,1
0,0,12,2
1,0,12,1
4,0,39,2
10,8,100,5
0,0,6,5
2,2,18,5
13,1,168,1
2,1,4,1
4,0,19,3
6,0,112,2
1,1,11,5
2,2,8,5
3,2,44,5
0,0,0,1
3,3,11,5
3,3,69,5
6,6,117,5
2,1,9,5
3,3,93,5
1,0,15,3
0,0,2,5
1,1,6,4
0,0,1,5
6,1,59,1
1,0,15,2
3,1,51,4
7,7,93,5
2,0,16,2
9,0,141,4
3,0,16,1
0,0,11,5
1,0,3,2
0,0,5,5
14,14,233,5
7,4,21,5
1,1,18,5
3,2,50,3
6,2,14,5
2,0,14,1
0,0,34,5
0,0,9,5
0,0,0,4
1,1,33,5
0,0,22,5
18,1,44,4
7,1,54,3
0,0,19,5
3,0,17,2
1,1,14,5
1,1,1,4
1,1,28,5
1,0,26,3
2,2,21,5
0,0,13,1
0,0,30,5
0,0,27,5
0,0,0,4
1,1,23,5
3,0,44,2
1,0,3,1
12,12,203,5
3,1,18,1
4,0,30,2
8,0,34,5
2,2,26,5
3,0,11,3
0,0,0,5
9,2,79,3
1,1,3,5
1,0,1,1
3,0,12,1
2,2,54,5
5,5,143,5
7,0,28,2
8,0,127,4
9,9,100,5
8,8,67,5
4,4,32,5
1,1,3,5
0,0,19,5
5,0,24,4
5,1,65,1
6,0,24,1
0,0,10,2
11,2,23,4
3,3,49,5
1,0,8,5
7,0,57,1
4,0,38,3
